chapter	period_range	genre_or_form	track_no	after_1900	composer	composer_ipa	composer_wiki	work	recommended_recording	performers	search_keywords	difficulty	role
01 Early Music and Polyphony	约 9 世纪-1600	chant	001	no	Anonymous	/əˈnɑːnɪməs/	https://en.wikipedia.org/wiki/Anonymous_work	Gregorian Chant: Dies irae	Chant: Music for the Soul	Benedictine Monks of Santo Domingo de Silos	Gregorian Chant Dies irae Benedictine Monks Santo Domingo de Silos	basic	Representative listening example for 01 Early Music and Polyphony.
01 Early Music and Polyphony	约 9 世纪-1600	chant	002	no	Hildegard von Bingen	/ˈhɪldəɡɑːrd vɒn ˈbɪŋən/	https://en.wikipedia.org/wiki/Hildegard_of_Bingen	O viridissima virga, BN 19	A Feather on the Breath of God	Emma Kirkby, Gothic Voices, Christopher Page	Hildegard O viridissima virga Emma Kirkby Gothic Voices	basic	Representative listening example for 01 Early Music and Polyphony.
01 Early Music and Polyphony	约 9 世纪-1600	复调圣歌	003	no	Pérotin	/ˈpɛrətɪn/	https://en.wikipedia.org/wiki/P%C3%A9rotin	Viderunt omnes	Perotin and the Ars Antiqua	The Hilliard Ensemble	Pérotin Viderunt omnes Hilliard Ensemble	advanced	Representative listening example for 01 Early Music and Polyphony.
01 Early Music and Polyphony	约 9 世纪-1600	mass	004	no	Guillaume de Machaut	/ɡiˈjoʊm də mæˈʃoʊ/	https://en.wikipedia.org/wiki/Guillaume_de_Machaut	Messe de Nostre Dame: Kyrie	Messe de Nostre Dame	Ensemble Organum, Marcel Pérès	Machaut Messe de Nostre Dame Kyrie Ensemble Organum	advanced	Representative listening example for 01 Early Music and Polyphony.
01 Early Music and Polyphony	约 9 世纪-1600	motet	005	no	Guillaume Dufay	/ɡiˈjoʊm duːˈfaɪ/	https://en.wikipedia.org/wiki/Guillaume_Du_Fay	Nuper rosarum flores	Dufay: Flos florum	The Hilliard Ensemble	Dufay Nuper rosarum flores Hilliard Ensemble	advanced	Representative listening example for 01 Early Music and Polyphony.
01 Early Music and Polyphony	约 9 世纪-1600	motet	006	no	Josquin des Prez	/ʒɒsˈkæn deɪ ˈpreɪ/	https://en.wikipedia.org/wiki/Josquin_des_Prez	Ave Maria ... virgo serena	Josquin: Motets	The Tallis Scholars, Peter Phillips	Josquin Ave Maria virgo serena Tallis Scholars	basic	Representative listening example for 01 Early Music and Polyphony.
01 Early Music and Polyphony	约 9 世纪-1600	mass	007	no	Giovanni Pierluigi da Palestrina	/dʒoʊˈvɑːni ˌpjɛərluˈiːdʒi dɑː ˌpælɛˈstriːnə/	https://en.wikipedia.org/wiki/Giovanni_Pierluigi_da_Palestrina	Missa Papae Marcelli: Kyrie	Palestrina: Missa Papae Marcelli	The Tallis Scholars, Peter Phillips	Palestrina Missa Papae Marcelli Kyrie Tallis Scholars	basic	Representative listening example for 01 Early Music and Polyphony.
01 Early Music and Polyphony	约 9 世纪-1600	motet	008	no	Thomas Tallis	/ˈtɒməs ˈtælɪs/	https://en.wikipedia.org/wiki/Thomas_Tallis	Spem in alium	Tallis: Spem in alium	The Tallis Scholars, Peter Phillips	Tallis Spem in alium Tallis Scholars Peter Phillips	advanced	Representative listening example for 01 Early Music and Polyphony.
01 Early Music and Polyphony	约 9 世纪-1600	motet	009	no	William Byrd	/ˈwɪljəm bɜːrd/	https://en.wikipedia.org/wiki/William_Byrd	Haec dies	Byrd: Masses and Motets	The Cardinall's Musick, Andrew Carwood	William Byrd Haec dies Cardinall's Musick	basic	Representative listening example for 01 Early Music and Polyphony.
01 Early Music and Polyphony	约 9 世纪-1600	vocal work	010	no	John Dowland	/ˈdʒɒn ˈdaʊlənd/	https://en.wikipedia.org/wiki/John_Dowland	Flow my tears	Dowland: In Darkness Let Me Dwell	Andreas Scholl, Julian Behr	John Dowland Flow my tears Andreas Scholl	basic	Representative listening example for 01 Early Music and Polyphony.
01 Early Music and Polyphony	约 9 世纪-1600	opera	011	no	Claudio Monteverdi	/ˈklaʊdioʊ ˌmɒntɪˈvɛərdi/	https://en.wikipedia.org/wiki/Claudio_Monteverdi	L'Orfeo: Toccata	Monteverdi: L'Orfeo	John Eliot Gardiner, English Baroque Soloists	Monteverdi L'Orfeo Toccata Gardiner English Baroque Soloists	basic	Representative listening example for 01 Early Music and Polyphony.
01 Early Music and Polyphony	约 9 世纪-1600	vocal work	012	no	Claudio Monteverdi	/ˈklaʊdioʊ ˌmɒntɪˈvɛərdi/	https://en.wikipedia.org/wiki/Claudio_Monteverdi	Vespro della Beata Vergine: Deus in adjutorium	Monteverdi: Vespro della Beata Vergine	John Eliot Gardiner, Monteverdi Choir	Monteverdi Vespers Deus in adjutorium Gardiner	advanced	Representative listening example for 01 Early Music and Polyphony.
01 Early Music and Polyphony	约 9 世纪-1600	器乐奏鸣曲/铜管合奏	013	no	Giovanni Gabrieli	/dʒoʊˈvɑːni ˌɡæbriˈɛli/	https://en.wikipedia.org/wiki/Giovanni_Gabrieli	Sonata pian e forte	Gabrieli: Music for San Rocco	Philip Jones Brass Ensemble	Gabrieli Sonata pian e forte Philip Jones Brass Ensemble	advanced	Representative listening example for 01 Early Music and Polyphony.
01 Early Music and Polyphony	约 9 世纪-1600	vocal work	014	no	Carlo Gesualdo	/ˈkɑːrloʊ ˌdʒɛzuˈɑːldoʊ/	https://en.wikipedia.org/wiki/Carlo_Gesualdo	Moro, lasso	Gesualdo: Tenebrae Responsories	Hilliard Ensemble	Gesualdo Moro lasso Hilliard Ensemble	advanced	Representative listening example for 01 Early Music and Polyphony.
02 Baroque	约 1600-1750	concerto	015	no	Arcangelo Corelli	/ɑːrˈkændʒəloʊ kɔːˈrɛli/	https://en.wikipedia.org/wiki/Arcangelo_Corelli	Concerto Grosso in G Minor, Op. 6 No. 8 "Christmas Concerto"	Corelli: Concerti Grossi Op. 6	Trevor Pinnock, The English Concert	Corelli Christmas Concerto Op 6 No 8 Trevor Pinnock	basic	Representative listening example for 02 Baroque.
02 Baroque	约 1600-1750	concerto	016	no	Antonio Vivaldi	/ænˈtoʊnioʊ vɪˈvɑːldi/	https://en.wikipedia.org/wiki/Antonio_Vivaldi	The Four Seasons: Spring, I. Allegro	Vivaldi: The Four Seasons	Fabio Biondi, Europa Galante	Vivaldi Spring Fabio Biondi Europa Galante	basic	Representative listening example for 02 Baroque.
02 Baroque	约 1600-1750	vocal work	017	no	Antonio Vivaldi	/ænˈtoʊnioʊ vɪˈvɑːldi/	https://en.wikipedia.org/wiki/Antonio_Vivaldi	Gloria, RV 589: Gloria in excelsis Deo	Vivaldi: Gloria	Robert King, The King's Consort	Vivaldi Gloria RV 589 Robert King King's Consort	basic	Representative listening example for 02 Baroque.
02 Baroque	约 1600-1750	vocal work	018	no	George Frideric Handel	/ˈdʒɔːrdʒ ˈfrɪdərɪk ˈhændəl/	https://en.wikipedia.org/wiki/George_Frideric_Handel	Zadok the Priest	Handel: Coronation Anthems	Trevor Pinnock, The English Concert	Handel Zadok the Priest Trevor Pinnock English Concert	basic	Representative listening example for 02 Baroque.
02 Baroque	约 1600-1750	oratorio	019	no	George Frideric Handel	/ˈdʒɔːrdʒ ˈfrɪdərɪk ˈhændəl/	https://en.wikipedia.org/wiki/George_Frideric_Handel	Messiah: Hallelujah	Handel: Messiah	John Eliot Gardiner, Monteverdi Choir	Handel Messiah Hallelujah Gardiner Monteverdi Choir	basic	Representative listening example for 02 Baroque.
02 Baroque	约 1600-1750	concerto	020	no	Johann Sebastian Bach	/ˈjoʊhɑːn səˈbæstiən bɑːx/	https://en.wikipedia.org/wiki/Johann_Sebastian_Bach	Brandenburg Concerto No. 3 in G Major, BWV 1048	Bach: Brandenburg Concertos	Trevor Pinnock, The English Concert	Bach Brandenburg Concerto 3 Trevor Pinnock English Concert	basic	Representative listening example for 02 Baroque.
02 Baroque	约 1600-1750	独奏组曲	021	no	Johann Sebastian Bach	/ˈjoʊhɑːn səˈbæstiən bɑːx/	https://en.wikipedia.org/wiki/Johann_Sebastian_Bach	Cello Suite No. 1 in G Major, BWV 1007: Prelude	Bach: Cello Suites	Yo-Yo Ma	Bach Cello Suite 1 Prelude Yo-Yo Ma	basic	Representative listening example for 02 Baroque.
02 Baroque	约 1600-1750	toccata/fugue	022	no	Johann Sebastian Bach	/ˈjoʊhɑːn səˈbæstiən bɑːx/	https://en.wikipedia.org/wiki/Johann_Sebastian_Bach	The Well-Tempered Clavier I, BWV 846: Prelude and Fugue	Bach: Well-Tempered Clavier	András Schiff	Bach Well-Tempered Clavier BWV 846 András Schiff	basic	Representative listening example for 02 Baroque.
02 Baroque	约 1600-1750	toccata/fugue	023	no	Johann Sebastian Bach	/ˈjoʊhɑːn səˈbæstiən bɑːx/	https://en.wikipedia.org/wiki/Johann_Sebastian_Bach	Toccata and Fugue in D Minor, BWV 565	Bach: Organ Works	Ton Koopman	Bach Toccata Fugue D minor BWV 565 Ton Koopman	basic	Representative listening example for 02 Baroque.
02 Baroque	约 1600-1750	passion	024	no	Johann Sebastian Bach	/ˈjoʊhɑːn səˈbæstiən bɑːx/	https://en.wikipedia.org/wiki/Johann_Sebastian_Bach	St Matthew Passion, BWV 244: Erbarme dich	Bach: St Matthew Passion	John Eliot Gardiner, Anne Sofie von Otter	Bach Erbarme dich Gardiner Anne Sofie von Otter	advanced	Representative listening example for 02 Baroque.
02 Baroque	约 1600-1750	variations	025	no	Johann Sebastian Bach	/ˈjoʊhɑːn səˈbæstiən bɑːx/	https://en.wikipedia.org/wiki/Johann_Sebastian_Bach	Goldberg Variations, BWV 988: Aria	Bach: Goldberg Variations	Glenn Gould	Bach Goldberg Variations Aria Glenn Gould	advanced	Representative listening example for 02 Baroque.
02 Baroque	约 1600-1750	keyboard or piano work	026	no	Domenico Scarlatti	/doʊˈmɛnɪkoʊ skɑːrˈlɑːti/	https://en.wikipedia.org/wiki/Domenico_Scarlatti	Keyboard Sonata in D Minor, K. 141	Scarlatti: Keyboard Sonatas	Jean Rondeau	Scarlatti K 141 Jean Rondeau	basic	Representative listening example for 02 Baroque.
02 Baroque	约 1600-1750	opera	027	no	Jean-Philippe Rameau	/ˌʒɑːn fɪˈliːp ræˈmoʊ/	https://en.wikipedia.org/wiki/Jean-Philippe_Rameau	Les Indes galantes: Danse du Grand Calumet	Rameau: Les Indes galantes	William Christie, Les Arts Florissants	Rameau Les Indes galantes William Christie	advanced	Representative listening example for 02 Baroque.
02 Baroque	约 1600-1750	opera	028	no	Henry Purcell	/ˈhɛnri ˈpɜːrsəl/	https://en.wikipedia.org/wiki/Henry_Purcell	Dido and Aeneas: When I am laid in earth	Purcell: Dido and Aeneas	Christopher Hogwood, Catherine Bott	Purcell Dido's Lament Catherine Bott Hogwood	basic	Representative listening example for 02 Baroque.
02 Baroque	约 1600-1750	concerto	029	no	Georg Philipp Telemann	/ˈɡeɪɔːrɡ ˈfɪlɪp ˈtɛləmən/	https://en.wikipedia.org/wiki/Georg_Philipp_Telemann	Viola Concerto in G Major: I. Largo	Telemann: Viola Concerto	Tabea Zimmermann, Camerata Bern	Telemann Viola Concerto Tabea Zimmermann	advanced	Representative listening example for 02 Baroque.
02 Baroque	约 1600-1750	keyboard or piano work	030	no	François Couperin	/frɑːnˈswɑː kuːpəˈræn/	https://en.wikipedia.org/wiki/Fran%C3%A7ois_Couperin	Les Barricades Mystérieuses	Couperin: Pieces de clavecin	Alexandre Tharaud	Couperin Les Barricades Mystérieuses Alexandre Tharaud	advanced	Representative listening example for 02 Baroque.
02 Baroque	约 1600-1750	标题器乐	031	no	Heinrich Ignaz Franz Biber	/ˈhaɪnrɪx ˈɪɡnɑːts frɑːnts ˈbiːbər/	https://en.wikipedia.org/wiki/Heinrich_Ignaz_Franz_Biber	Battalia à 10	Biber: Battalia	Reinhard Goebel, Musica Antiqua Köln	Biber Battalia Goebel Musica Antiqua Köln	advanced	Representative listening example for 02 Baroque.
02 Baroque	约 1600-1750	opera	032	no	Jean-Baptiste Lully	/ˌʒɑːn bæpˈtiːst luːˈliː/	https://en.wikipedia.org/wiki/Jean-Baptiste_Lully	Armide: Passacaille	Lully: Armide	Christophe Rousset, Les Talens Lyriques	Lully Armide Passacaille Christophe Rousset	advanced	Representative listening example for 02 Baroque.
03 Classical Period	约 1750-1820	keyboard or piano work	033	no	Carl Philipp Emanuel Bach	/kɑːrl ˈfɪlɪp ɪˈmænjuəl bɑːx/	https://en.wikipedia.org/wiki/Carl_Philipp_Emanuel_Bach	Solfeggietto in C Minor, Wq. 117/2	C.P.E. Bach: Keyboard Works	Miklós Spányi	CPE Bach Solfeggietto Miklos Spanyi	basic	Representative listening example for 03 Classical Period.
03 Classical Period	约 1750-1820	concerto	034	no	Joseph Haydn	/ˈdʒoʊzəf ˈhaɪdən/	https://en.wikipedia.org/wiki/Joseph_Haydn	Trumpet Concerto in E-flat Major: III. Allegro	Haydn: Trumpet Concerto	Håkan Hardenberger, Academy of St Martin in the Fields	Haydn Trumpet Concerto Hardenberger Marriner	basic	Representative listening example for 03 Classical Period.
03 Classical Period	约 1750-1820	string quartet	035	no	Joseph Haydn	/ˈdʒoʊzəf ˈhaɪdən/	https://en.wikipedia.org/wiki/Joseph_Haydn	String Quartet Op. 76 No. 3 "Emperor": II. Poco adagio	Haydn: String Quartets Op. 76	Quatuor Mosaïques	Haydn Emperor Quartet Op 76 No 3 Quatuor Mosaiques	basic	Representative listening example for 03 Classical Period.
03 Classical Period	约 1750-1820	symphony	036	no	Joseph Haydn	/ˈdʒoʊzəf ˈhaɪdən/	https://en.wikipedia.org/wiki/Joseph_Haydn	Symphony No. 94 "Surprise": II. Andante	Haydn: London Symphonies	Leonard Bernstein, New York Philharmonic	Haydn Surprise Symphony Bernstein New York Philharmonic	basic	Representative listening example for 03 Classical Period.
03 Classical Period	约 1750-1820	弦乐五重奏/舞曲	037	no	Luigi Boccherini	/luˈiːdʒi ˌbɒkəˈriːni/	https://en.wikipedia.org/wiki/Luigi_Boccherini	String Quintet in E Major, G. 275: Minuet	Boccherini: String Quintets	Europa Galante	Boccherini Minuet G 275 Europa Galante	basic	Representative listening example for 03 Classical Period.
03 Classical Period	约 1750-1820	opera	038	no	Christoph Willibald Gluck	/ˈkrɪstɒf ˈvɪlibɑːld ɡlʊk/	https://en.wikipedia.org/wiki/Christoph_Willibald_Gluck	Orfeo ed Euridice: Dance of the Blessed Spirits	Gluck: Orfeo ed Euridice	John Eliot Gardiner, Orchestre de l'Opéra de Lyon	Gluck Dance of the Blessed Spirits Gardiner	basic	Representative listening example for 03 Classical Period.
03 Classical Period	约 1750-1820	nocturne	039	no	Wolfgang Amadeus Mozart	/ˈwʊlfɡæŋ ˌæməˈdeɪəs ˈmoʊtsɑːrt/	https://en.wikipedia.org/wiki/Wolfgang_Amadeus_Mozart	Eine kleine Nachtmusik, K. 525: I. Allegro	Mozart: Serenades	Academy of St Martin in the Fields, Neville Marriner	Mozart Eine kleine Nachtmusik Marriner Academy St Martin	basic	Representative listening example for 03 Classical Period.
03 Classical Period	约 1750-1820	concerto	040	no	Wolfgang Amadeus Mozart	/ˈwʊlfɡæŋ ˌæməˈdeɪəs ˈmoʊtsɑːrt/	https://en.wikipedia.org/wiki/Wolfgang_Amadeus_Mozart	Clarinet Concerto in A Major, K. 622: II. Adagio	Mozart: Clarinet Concerto	Jack Brymer, Neville Marriner	Mozart Clarinet Concerto K 622 Jack Brymer Marriner	basic	Representative listening example for 03 Classical Period.
03 Classical Period	约 1750-1820	concerto	041	no	Wolfgang Amadeus Mozart	/ˈwʊlfɡæŋ ˌæməˈdeɪəs ˈmoʊtsɑːrt/	https://en.wikipedia.org/wiki/Wolfgang_Amadeus_Mozart	Piano Concerto No. 21 in C Major, K. 467: II. Andante	Mozart: Piano Concertos	Murray Perahia, English Chamber Orchestra	Mozart Piano Concerto 21 Perahia English Chamber Orchestra	basic	Representative listening example for 03 Classical Period.
03 Classical Period	约 1750-1820	opera	042	no	Wolfgang Amadeus Mozart	/ˈwʊlfɡæŋ ˌæməˈdeɪəs ˈmoʊtsɑːrt/	https://en.wikipedia.org/wiki/Wolfgang_Amadeus_Mozart	Die Zauberflöte: Der Hölle Rache	Mozart: Die Zauberflöte	Georg Solti, Sumi Jo	Mozart Queen of the Night Sumi Jo Solti	basic	Representative listening example for 03 Classical Period.
03 Classical Period	约 1750-1820	requiem	043	no	Wolfgang Amadeus Mozart	/ˈwʊlfɡæŋ ˌæməˈdeɪəs ˈmoʊtsɑːrt/	https://en.wikipedia.org/wiki/Wolfgang_Amadeus_Mozart	Requiem, K. 626: Lacrimosa	Mozart: Requiem	John Eliot Gardiner, Monteverdi Choir	Mozart Requiem Lacrimosa Gardiner	basic	Representative listening example for 03 Classical Period.
03 Classical Period	约 1750-1820	symphony	044	no	Wolfgang Amadeus Mozart	/ˈwʊlfɡæŋ ˌæməˈdeɪəs ˈmoʊtsɑːrt/	https://en.wikipedia.org/wiki/Wolfgang_Amadeus_Mozart	Symphony No. 40 in G Minor, K. 550: I. Molto allegro	Mozart: Symphonies 40 and 41	Nikolaus Harnoncourt, Royal Concertgebouw Orchestra	Mozart Symphony 40 Harnoncourt Concertgebouw	advanced	Representative listening example for 03 Classical Period.
03 Classical Period	约 1750-1820	keyboard or piano work	045	no	Ludwig van Beethoven	/ˈlʊdvɪɡ væn ˈbeɪtoʊvən/	https://en.wikipedia.org/wiki/Ludwig_van_Beethoven	Piano Sonata No. 8 "Pathétique": II. Adagio cantabile	Beethoven: Piano Sonatas	Daniel Barenboim	Beethoven Pathetique Sonata Adagio Barenboim	basic	Representative listening example for 03 Classical Period.
03 Classical Period	约 1750-1820	symphony	046	no	Ludwig van Beethoven	/ˈlʊdvɪɡ væn ˈbeɪtoʊvən/	https://en.wikipedia.org/wiki/Ludwig_van_Beethoven	Symphony No. 3 "Eroica": I. Allegro con brio	Beethoven: Symphonies 1-9	Herbert von Karajan, Berliner Philharmoniker	Beethoven Eroica Karajan Berlin Philharmonic	advanced	Representative listening example for 03 Classical Period.
03 Classical Period	约 1750-1820	symphony	047	no	Ludwig van Beethoven	/ˈlʊdvɪɡ væn ˈbeɪtoʊvən/	https://en.wikipedia.org/wiki/Ludwig_van_Beethoven	Symphony No. 5 in C Minor, Op. 67: I. Allegro con brio	Beethoven: Symphonies Nos. 5 and 7	Carlos Kleiber, Vienna Philharmonic	Beethoven Symphony 5 Kleiber Vienna Philharmonic	basic	Representative listening example for 03 Classical Period.
03 Classical Period	约 1750-1820	concerto	048	no	Ludwig van Beethoven	/ˈlʊdvɪɡ væn ˈbeɪtoʊvən/	https://en.wikipedia.org/wiki/Ludwig_van_Beethoven	Piano Concerto No. 4 in G Major, Op. 58: I. Allegro moderato	Beethoven: Piano Concertos	Leif Ove Andsnes, Mahler Chamber Orchestra	Beethoven Piano Concerto 4 Andsnes Mahler Chamber Orchestra	advanced	Representative listening example for 03 Classical Period.
03 Classical Period	约 1750-1820	concerto	049	no	Ludwig van Beethoven	/ˈlʊdvɪɡ væn ˈbeɪtoʊvən/	https://en.wikipedia.org/wiki/Ludwig_van_Beethoven	Violin Concerto in D Major, Op. 61: I. Allegro ma non troppo	Beethoven: Violin Concerto	Jascha Heifetz, Charles Munch, Boston Symphony	Beethoven Violin Concerto Heifetz Munch Boston	advanced	Representative listening example for 03 Classical Period.
03 Classical Period	约 1750-1820	concerto	050	no	Johann Nepomuk Hummel	/ˈjoʊhɑːn nəˈpoʊmʊk ˈhʊməl/	https://en.wikipedia.org/wiki/Johann_Nepomuk_Hummel	Trumpet Concerto in E Major: III. Rondo	Hummel: Trumpet Concerto	Alison Balsom, Bremen German Chamber Philharmonic	Hummel Trumpet Concerto Alison Balsom	advanced	Representative listening example for 03 Classical Period.
04 Romanticism and National Styles	约 1810-1910	symphony	051	no	Franz Schubert	/frɑːnts ˈʃuːbərt/	https://en.wikipedia.org/wiki/Franz_Schubert	Symphony No. 8 "Unfinished": I. Allegro moderato	Schubert: Symphony No. 8	Carlos Kleiber, Vienna Philharmonic	Schubert Unfinished Symphony Kleiber Vienna Philharmonic	basic	Representative listening example for 04 Romanticism and National Styles.
04 Romanticism and National Styles	约 1810-1910	vocal work	052	no	Franz Schubert	/frɑːnts ˈʃuːbərt/	https://en.wikipedia.org/wiki/Franz_Schubert	Erlkönig, D. 328	Schubert: Lieder	Dietrich Fischer-Dieskau, Gerald Moore	Schubert Erlkönig Fischer-Dieskau Gerald Moore	basic	Representative listening example for 04 Romanticism and National Styles.
04 Romanticism and National Styles	约 1810-1910	音乐会序曲/戏剧配乐	053	no	Felix Mendelssohn	/ˈfiːlɪks ˈmɛndəlsoʊn/	https://en.wikipedia.org/wiki/Felix_Mendelssohn	A Midsummer Night's Dream: Overture	Mendelssohn: A Midsummer Night's Dream	Claudio Abbado, London Symphony Orchestra	Mendelssohn Midsummer Night's Dream Overture Abbado	basic	Representative listening example for 04 Romanticism and National Styles.
04 Romanticism and National Styles	约 1810-1910	symphony	054	no	Hector Berlioz	/ˈhɛktər ˈbɛərlioʊz/	https://en.wikipedia.org/wiki/Hector_Berlioz	Symphonie fantastique: IV. March to the Scaffold	Berlioz: Symphonie fantastique	Colin Davis, London Symphony Orchestra	Berlioz Symphonie fantastique Colin Davis LSO	advanced	Representative listening example for 04 Romanticism and National Styles.
04 Romanticism and National Styles	约 1810-1910	keyboard or piano work	055	no	Robert Schumann	/ˈroʊbərt ˈʃuːmɑːn/	https://en.wikipedia.org/wiki/Robert_Schumann	Kinderszenen, Op. 15: Träumerei	Schumann: Kinderszenen	Vladimir Horowitz	Schumann Träumerei Horowitz Kinderszenen	basic	Representative listening example for 04 Romanticism and National Styles.
04 Romanticism and National Styles	约 1810-1910	concerto	056	no	Clara Schumann	/ˈklɑːrə ˈʃuːmɑːn/	https://en.wikipedia.org/wiki/Clara_Schumann	Piano Concerto in A Minor, Op. 7: I. Allegro maestoso	Clara Schumann: Piano Concerto	Isata Kanneh-Mason, Royal Liverpool Philharmonic	Clara Schumann Piano Concerto Isata Kanneh-Mason	advanced	Representative listening example for 04 Romanticism and National Styles.
04 Romanticism and National Styles	约 1810-1910	nocturne	057	no	Frédéric Chopin	/ˈfreɪdərɪk ˈʃoʊpæn/	https://en.wikipedia.org/wiki/Fr%C3%A9d%C3%A9ric_Chopin	Nocturne in E-flat Major, Op. 9 No. 2	Chopin: Nocturnes	Arthur Rubinstein	Chopin Nocturne Op 9 No 2 Rubinstein	basic	Representative listening example for 04 Romanticism and National Styles.
04 Romanticism and National Styles	约 1810-1910	etude	058	no	Frédéric Chopin	/ˈfreɪdərɪk ˈʃoʊpæn/	https://en.wikipedia.org/wiki/Fr%C3%A9d%C3%A9ric_Chopin	Etude in C Minor, Op. 10 No. 12 "Revolutionary"	Chopin: Etudes	Maurizio Pollini	Chopin Revolutionary Etude Pollini Op 10 No 12	advanced	Representative listening example for 04 Romanticism and National Styles.
04 Romanticism and National Styles	约 1810-1910	keyboard or piano work	059	no	Franz Liszt	/frɑːnts lɪst/	https://en.wikipedia.org/wiki/Franz_Liszt	Liebestraum No. 3	Liszt: Piano Works	Claudio Arrau	Liszt Liebestraum No 3 Claudio Arrau	basic	Representative listening example for 04 Romanticism and National Styles.
04 Romanticism and National Styles	约 1810-1910	opera	060	no	Richard Wagner	/ˈrɪtʃərd ˈvɑːɡnər/	https://en.wikipedia.org/wiki/Richard_Wagner	Tristan und Isolde: Prelude	Wagner: Tristan und Isolde	Wilhelm Furtwängler, Philharmonia Orchestra	Wagner Tristan Prelude Furtwängler Philharmonia	advanced	Representative listening example for 04 Romanticism and National Styles.
04 Romanticism and National Styles	约 1810-1910	opera	061	no	Giuseppe Verdi	/dʒuːˈsɛpi ˈvɛərdi/	https://en.wikipedia.org/wiki/Giuseppe_Verdi	La traviata: Libiamo ne' lieti calici	Verdi: La traviata	Carlos Kleiber, Bavarian State Opera	Verdi La traviata Brindisi Carlos Kleiber	basic	Representative listening example for 04 Romanticism and National Styles.
04 Romanticism and National Styles	约 1810-1910	opera	062	no	Giacomo Puccini	/ˈdʒɑːkəmoʊ puːˈtʃiːni/	https://en.wikipedia.org/wiki/Giacomo_Puccini	La bohème: Che gelida manina	Puccini: La bohème	Herbert von Karajan, Luciano Pavarotti	Puccini La bohème Che gelida manina Pavarotti Karajan	basic	Representative listening example for 04 Romanticism and National Styles.
04 Romanticism and National Styles	约 1810-1910	symphony	063	no	Johannes Brahms	/joʊˈhɑːnəs brɑːmz/	https://en.wikipedia.org/wiki/Johannes_Brahms	Symphony No. 3 in F Major, Op. 90: III. Poco allegretto	Brahms: Symphony No. 3	Claudio Abbado, Berliner Philharmoniker	Brahms Symphony 3 Abbado Berlin Poco allegretto	basic	Representative listening example for 04 Romanticism and National Styles.
04 Romanticism and National Styles	约 1810-1910	concerto	064	no	Johannes Brahms	/joʊˈhɑːnəs brɑːmz/	https://en.wikipedia.org/wiki/Johannes_Brahms	Violin Concerto in D Major, Op. 77: III. Allegro giocoso	Brahms: Violin Concerto	Jascha Heifetz, Fritz Reiner	Brahms Violin Concerto Heifetz Reiner	advanced	Representative listening example for 04 Romanticism and National Styles.
04 Romanticism and National Styles	约 1810-1910	ballet	065	no	Pyotr Ilyich Tchaikovsky	/ˈpjɔːtər ɪlˈjiːtʃ tʃaɪˈkɒfski/	https://en.wikipedia.org/wiki/Pyotr_Ilyich_Tchaikovsky	Swan Lake, Op. 20: Scene	Tchaikovsky: Swan Lake	André Previn, London Symphony Orchestra	Tchaikovsky Swan Lake Scene Previn LSO	basic	Representative listening example for 04 Romanticism and National Styles.
04 Romanticism and National Styles	约 1810-1910	symphony	066	no	Pyotr Ilyich Tchaikovsky	/ˈpjɔːtər ɪlˈjiːtʃ tʃaɪˈkɒfski/	https://en.wikipedia.org/wiki/Pyotr_Ilyich_Tchaikovsky	Symphony No. 6 "Pathétique": IV. Adagio lamentoso	Tchaikovsky: Symphony No. 6	Evgeny Mravinsky, Leningrad Philharmonic	Tchaikovsky Pathetique Mravinsky Leningrad	advanced	Representative listening example for 04 Romanticism and National Styles.
04 Romanticism and National Styles	约 1810-1910	symphony	067	no	Antonín Dvořák	/ænˈtoʊniːn dəˈvɔːrʒɑːk/	https://en.wikipedia.org/wiki/Anton%C3%ADn_Dvo%C5%99%C3%A1k	Symphony No. 9 "From the New World": II. Largo	Dvořák: Symphony No. 9	István Kertész, London Symphony Orchestra	Dvorak New World Symphony Kertesz LSO Largo	basic	Representative listening example for 04 Romanticism and National Styles.
04 Romanticism and National Styles	约 1810-1910	tone poem	068	no	Bedřich Smetana	/ˈbɛdrɪx smɛˈtɑːnə/	https://en.wikipedia.org/wiki/Bed%C5%99ich_Smetana	Má vlast: Vltava	Smetana: Má vlast	Rafael Kubelík, Czech Philharmonic	Smetana Vltava Moldau Kubelik Czech Philharmonic	basic	Representative listening example for 04 Romanticism and National Styles.
04 Romanticism and National Styles	约 1810-1910	戏剧配乐/组曲	069	no	Edvard Grieg	/ˈɛdvɑːrd ɡriːɡ/	https://en.wikipedia.org/wiki/Edvard_Grieg	Peer Gynt Suite No. 1: Morning Mood	Grieg: Peer Gynt	Herbert von Karajan, Berliner Philharmoniker	Grieg Morning Mood Karajan Berlin Philharmonic	basic	Representative listening example for 04 Romanticism and National Styles.
04 Romanticism and National Styles	约 1810-1910	keyboard or piano work	070	no	Modest Mussorgsky	/ˈmoʊdɛst mʊˈsɔːrɡski/	https://en.wikipedia.org/wiki/Modest_Mussorgsky	Pictures at an Exhibition: The Great Gate of Kiev	Mussorgsky/Ravel: Pictures at an Exhibition	Georg Solti, Chicago Symphony Orchestra	Mussorgsky Pictures Great Gate Kiev Solti Chicago	basic	Representative listening example for 04 Romanticism and National Styles.
04 Romanticism and National Styles	约 1810-1910	交响组曲	071	no	Nikolai Rimsky-Korsakov	/ˈnɪkəlaɪ ˈrɪmski ˈkɔːrsəkɒf/	https://en.wikipedia.org/wiki/Nikolai_Rimsky-Korsakov	Scheherazade: I. The Sea and Sinbad's Ship	Rimsky-Korsakov: Scheherazade	Fritz Reiner, Chicago Symphony Orchestra	Rimsky-Korsakov Scheherazade Reiner Chicago	advanced	Representative listening example for 04 Romanticism and National Styles.
04 Romanticism and National Styles	约 1810-1910	symphony	072	no	Gustav Mahler	/ˈɡʊstɑːv ˈmɑːlər/	https://en.wikipedia.org/wiki/Gustav_Mahler	Symphony No. 1: III. Feierlich und gemessen	Mahler: Symphony No. 1	Leonard Bernstein, Royal Concertgebouw Orchestra	Mahler Symphony 1 Bernstein Concertgebouw	advanced	Representative listening example for 04 Romanticism and National Styles.
05 Early Modernism	约 1890-1918	tone poem	073	yes	Claude Debussy	/klɔːd dəˈbjuːsi/	https://en.wikipedia.org/wiki/Claude_Debussy	Prélude à l'après-midi d'un faune	Debussy: Orchestral Works	Pierre Boulez, Cleveland Orchestra	Debussy Prelude afternoon of a faun Boulez Cleveland	basic	Representative listening example for 05 Early Modernism.
05 Early Modernism	约 1890-1918	交响素描	074	yes	Claude Debussy	/klɔːd dəˈbjuːsi/	https://en.wikipedia.org/wiki/Claude_Debussy	La mer: I. De l'aube à midi sur la mer	Debussy: La mer	Claudio Abbado, Lucerne Festival Orchestra	Debussy La mer Abbado Lucerne	advanced	Representative listening example for 05 Early Modernism.
05 Early Modernism	约 1890-1918	keyboard or piano work	075	yes	Claude Debussy	/klɔːd dəˈbjuːsi/	https://en.wikipedia.org/wiki/Claude_Debussy	Images, Book I: Reflets dans l'eau	Debussy: Images	Arturo Benedetti Michelangeli	Debussy Reflets dans l'eau Michelangeli	advanced	Representative listening example for 05 Early Modernism.
05 Early Modernism	约 1890-1918	keyboard or piano work	076	yes	Maurice Ravel	/mɔːˈriːs rəˈvɛl/	https://en.wikipedia.org/wiki/Maurice_Ravel	Pavane pour une infante défunte	Ravel: Piano Works	Alexandre Tharaud	Ravel Pavane pour une infante défunte Tharaud	basic	Representative listening example for 05 Early Modernism.
05 Early Modernism	约 1890-1918	ballet	077	yes	Maurice Ravel	/mɔːˈriːs rəˈvɛl/	https://en.wikipedia.org/wiki/Maurice_Ravel	Daphnis et Chloé Suite No. 2: Lever du jour	Ravel: Daphnis et Chloé	Pierre Monteux, London Symphony Orchestra	Ravel Daphnis Chloe Lever du jour Monteux LSO	advanced	Representative listening example for 05 Early Modernism.
05 Early Modernism	约 1890-1918	orchestral work	078	yes	Maurice Ravel	/mɔːˈriːs rəˈvɛl/	https://en.wikipedia.org/wiki/Maurice_Ravel	Boléro	Ravel: Boléro	Claudio Abbado, London Symphony Orchestra	Ravel Bolero Abbado London Symphony	basic	Representative listening example for 05 Early Modernism.
05 Early Modernism	约 1890-1918	ballet	079	yes	Erik Satie	/ˈɛrɪk sæˈtiː/	https://en.wikipedia.org/wiki/Erik_Satie	Parade: Ragtime du paquebot	Satie: Parade	Louis Frémaux, City of Birmingham Symphony Orchestra	Satie Parade Ragtime du paquebot Fremaux	advanced	Representative listening example for 05 Early Modernism.
05 Early Modernism	约 1890-1918	symphony	080	yes	Gustav Mahler	/ˈɡʊstɑːv ˈmɑːlər/	https://en.wikipedia.org/wiki/Gustav_Mahler	Symphony No. 9: IV. Adagio	Mahler: Symphony No. 9	Claudio Abbado, Berliner Philharmoniker	Mahler Symphony 9 Adagio Abbado Berlin	advanced	Representative listening example for 05 Early Modernism.
05 Early Modernism	约 1890-1918	opera	081	yes	Richard Strauss	/ˈrɪtʃərd straʊs/	https://en.wikipedia.org/wiki/Richard_Strauss	Salome: Dance of the Seven Veils	Strauss: Salome	Georg Solti, Vienna Philharmonic	Strauss Salome Dance Seven Veils Solti Vienna	basic	Representative listening example for 05 Early Modernism.
05 Early Modernism	约 1890-1918	tone poem	082	yes	Alexander Scriabin	/skriˈɑːbɪn/	https://en.wikipedia.org/wiki/Alexander_Scriabin	Prometheus: The Poem of Fire	Scriabin: Prometheus	Riccardo Muti, Philadelphia Orchestra	Scriabin Prometheus Poem of Fire Muti Philadelphia	advanced	Representative listening example for 05 Early Modernism.
05 Early Modernism	约 1890-1918	orchestral work	083	yes	Charles Ives	/tʃɑːrlz aɪvz/	https://en.wikipedia.org/wiki/Charles_Ives	The Unanswered Question	Ives: Orchestral Works	Leonard Bernstein, New York Philharmonic	Ives Unanswered Question Bernstein New York Philharmonic	basic	Representative listening example for 05 Early Modernism.
05 Early Modernism	约 1890-1918	ballet	084	yes	Igor Stravinsky	/ˈiːɡɔːr strəˈvɪnski/	https://en.wikipedia.org/wiki/Igor_Stravinsky	The Firebird Suite: Finale	Stravinsky: The Firebird	Pierre Boulez, Chicago Symphony Orchestra	Stravinsky Firebird Finale Boulez Chicago	basic	Representative listening example for 05 Early Modernism.
05 Early Modernism	约 1890-1918	ballet	085	yes	Igor Stravinsky	/ˈiːɡɔːr strəˈvɪnski/	https://en.wikipedia.org/wiki/Igor_Stravinsky	Petrushka: Russian Dance	Stravinsky: Petrushka	Simon Rattle, City of Birmingham Symphony Orchestra	Stravinsky Petrushka Russian Dance Simon Rattle	basic	Representative listening example for 05 Early Modernism.
05 Early Modernism	约 1890-1918	ballet	086	yes	Igor Stravinsky	/ˈiːɡɔːr strəˈvɪnski/	https://en.wikipedia.org/wiki/Igor_Stravinsky	The Rite of Spring: Augurs of Spring	Stravinsky: The Rite of Spring	Esa-Pekka Salonen, Los Angeles Philharmonic	Stravinsky Rite of Spring Salonen Los Angeles	basic	Representative listening example for 05 Early Modernism.
05 Early Modernism	约 1890-1918	orchestral work	087	yes	Arnold Schoenberg	/ˈɑːrnəld ˈʃoʊnbɜːrɡ/	https://en.wikipedia.org/wiki/Arnold_Schoenberg	Five Pieces for Orchestra, Op. 16: Farben	Schoenberg: Orchestral Works	Pierre Boulez, BBC Symphony Orchestra	Schoenberg Five Pieces Orchestra Farben Boulez	advanced	Representative listening example for 05 Early Modernism.
05 Early Modernism	约 1890-1918	chamber music	088	yes	Arnold Schoenberg	/ˈɑːrnəld ˈʃoʊnbɜːrɡ/	https://en.wikipedia.org/wiki/Arnold_Schoenberg	Pierrot lunaire: Mondestrunken	Schoenberg: Pierrot lunaire	Christine Schäfer, Pierre Boulez	Schoenberg Pierrot lunaire Mondestrunken Boulez Schafer	advanced	Representative listening example for 05 Early Modernism.
05 Early Modernism	约 1890-1918	concerto	089	yes	Alban Berg	/ˈɑːlbɑːn bɛərɡ/	https://en.wikipedia.org/wiki/Alban_Berg	Violin Concerto: I. Andante	Berg: Violin Concerto	Anne-Sophie Mutter, James Levine	Berg Violin Concerto Anne-Sophie Mutter Levine	advanced	Representative listening example for 05 Early Modernism.
05 Early Modernism	约 1890-1918	string quartet	090	yes	Anton Webern	/ˈæntɒn ˈveɪbərn/	https://en.wikipedia.org/wiki/Anton_Webern	Five Movements for String Quartet, Op. 5	Webern: Complete Works	Emerson String Quartet	Webern Five Movements String Quartet Emerson	advanced	Representative listening example for 05 Early Modernism.
05 Early Modernism	约 1890-1918	chamber music	091	yes	Béla Bartók	/ˈbeɪlə ˈbɑːrtɒk/	https://en.wikipedia.org/wiki/B%C3%A9la_Bart%C3%B3k	Music for Strings, Percussion and Celesta: I. Andante tranquillo	Bartók: Orchestral Works	Georg Solti, Chicago Symphony Orchestra	Bartok Music Strings Percussion Celesta Solti	basic	Representative listening example for 05 Early Modernism.
05 Early Modernism	约 1890-1918	concerto	092	yes	Béla Bartók	/ˈbeɪlə ˈbɑːrtɒk/	https://en.wikipedia.org/wiki/B%C3%A9la_Bart%C3%B3k	Concerto for Orchestra: IV. Intermezzo interrotto	Bartók: Concerto for Orchestra	Fritz Reiner, Chicago Symphony Orchestra	Bartok Concerto for Orchestra Reiner Chicago	advanced	Representative listening example for 05 Early Modernism.
05 Early Modernism	约 1890-1918	orchestral work	093	yes	Gustav Holst	/ˈɡʊstɑːv hoʊlst/	https://en.wikipedia.org/wiki/Gustav_Holst	The Planets: Mars	The Planets	Adrian Boult, London Philharmonic Orchestra	Holst Planets Mars Adrian Boult	basic	Representative listening example for 05 Early Modernism.
05 Early Modernism	约 1890-1918	orchestral work	094	yes	Gustav Holst	/ˈɡʊstɑːv hoʊlst/	https://en.wikipedia.org/wiki/Gustav_Holst	The Planets: Jupiter	The Planets	Adrian Boult, London Philharmonic Orchestra	Holst Planets Jupiter Adrian Boult	basic	Representative listening example for 05 Early Modernism.
05 Early Modernism	约 1890-1918	symphony	095	yes	Leoš Janáček	/ˈleɪoʊʃ jəˈnɑːtʃɛk/	https://en.wikipedia.org/wiki/Leos_Janacek	Sinfonietta: I. Allegretto	Janáček: Sinfonietta	Charles Mackerras, Czech Philharmonic	Janacek Sinfonietta Mackerras Czech Philharmonic	advanced	Representative listening example for 05 Early Modernism.
05 Early Modernism	约 1890-1918	ballet	096	yes	Manuel de Falla	/mænˈwɛl deɪ ˈfaɪjə/	https://en.wikipedia.org/wiki/Manuel_de_Falla	El amor brujo: Ritual Fire Dance	Falla: El amor brujo	Ernest Ansermet, Suisse Romande Orchestra	Falla Ritual Fire Dance Ansermet	basic	Representative listening example for 05 Early Modernism.
06 Interwar Modernism and New Media	约 1918-1945	symphony	097	yes	Sergei Prokofiev	/sərˈɡeɪ proʊˈkɒfiɛf/	https://en.wikipedia.org/wiki/Sergei_Prokofiev	Symphony No. 1 "Classical": I. Allegro	Prokofiev: Classical Symphony	Claudio Abbado, London Symphony Orchestra	Prokofiev Classical Symphony Abbado LSO	basic	Representative listening example for 06 Interwar Modernism and New Media.
06 Interwar Modernism and New Media	约 1918-1945	ballet	098	yes	Sergei Prokofiev	/sərˈɡeɪ proʊˈkɒfiɛf/	https://en.wikipedia.org/wiki/Sergei_Prokofiev	Romeo and Juliet: Dance of the Knights	Prokofiev: Romeo and Juliet	Valery Gergiev, London Symphony Orchestra	Prokofiev Romeo Juliet Dance Knights Gergiev	basic	Representative listening example for 06 Interwar Modernism and New Media.
06 Interwar Modernism and New Media	约 1918-1945	concerto	099	yes	Sergei Prokofiev	/sərˈɡeɪ proʊˈkɒfiɛf/	https://en.wikipedia.org/wiki/Sergei_Prokofiev	Piano Concerto No. 3: I. Andante - Allegro	Prokofiev: Piano Concerto No. 3	Martha Argerich, Claudio Abbado	Prokofiev Piano Concerto 3 Argerich Abbado	advanced	Representative listening example for 06 Interwar Modernism and New Media.
06 Interwar Modernism and New Media	约 1918-1945	symphony	100	yes	Dmitri Shostakovich	/ˈdmiːtri ˌʃɒstəˈkoʊvɪtʃ/	https://en.wikipedia.org/wiki/Dmitri_Shostakovich	Symphony No. 5: IV. Allegro non troppo	Shostakovich: Symphony No. 5	Yevgeny Mravinsky, Leningrad Philharmonic	Shostakovich Symphony 5 Mravinsky Leningrad	basic	Representative listening example for 06 Interwar Modernism and New Media.
06 Interwar Modernism and New Media	约 1918-1945	orchestral work	101	yes	Dmitri Shostakovich	/ˈdmiːtri ˌʃɒstəˈkoʊvɪtʃ/	https://en.wikipedia.org/wiki/Dmitri_Shostakovich	Jazz Suite No. 2: Waltz II	Shostakovich: Jazz Suites	Riccardo Chailly, Royal Concertgebouw Orchestra	Shostakovich Waltz 2 Chailly Concertgebouw	basic	Representative listening example for 06 Interwar Modernism and New Media.
06 Interwar Modernism and New Media	约 1918-1945	symphony	102	yes	Paul Hindemith	/ˈpaʊl ˈhɪndəmɪt/	https://en.wikipedia.org/wiki/Paul_Hindemith	Symphony Mathis der Maler: Engelkonzert	Hindemith: Mathis der Maler	Herbert Blomstedt, San Francisco Symphony	Hindemith Mathis der Maler Blomstedt San Francisco	advanced	Representative listening example for 06 Interwar Modernism and New Media.
06 Interwar Modernism and New Media	约 1918-1945	concerto	103	yes	Francis Poulenc	/ˈfrɑːnsɪs puːˈlɛŋk/	https://en.wikipedia.org/wiki/Francis_Poulenc	Concert champêtre: I. Allegro molto	Poulenc: Concert champêtre	Aimée van de Wiele, Georges Prêtre	Poulenc Concert champetre Aimee van de Wiele	advanced	Representative listening example for 06 Interwar Modernism and New Media.
06 Interwar Modernism and New Media	约 1918-1945	ballet	104	yes	Darius Milhaud	/dəˈriːəs miːˈjoʊ/	https://en.wikipedia.org/wiki/Darius_Milhaud	La création du monde	Milhaud: La création du monde	Leonard Bernstein, Orchestre National de France	Milhaud Creation du monde Bernstein	advanced	Representative listening example for 06 Interwar Modernism and New Media.
06 Interwar Modernism and New Media	约 1918-1945	concerto	105	yes	George Gershwin	/ˈdʒɔːrdʒ ˈɡɜːrʃwɪn/	https://en.wikipedia.org/wiki/George_Gershwin	Rhapsody in Blue	Gershwin: Rhapsody in Blue	Leonard Bernstein, Columbia Symphony Orchestra	Gershwin Rhapsody in Blue Bernstein Columbia	basic	Representative listening example for 06 Interwar Modernism and New Media.
06 Interwar Modernism and New Media	约 1918-1945	tone poem	106	yes	George Gershwin	/ˈdʒɔːrdʒ ˈɡɜːrʃwɪn/	https://en.wikipedia.org/wiki/George_Gershwin	An American in Paris	Gershwin: An American in Paris	André Previn, London Symphony Orchestra	Gershwin American in Paris Previn LSO	basic	Representative listening example for 06 Interwar Modernism and New Media.
06 Interwar Modernism and New Media	约 1918-1945	ballet	107	yes	Aaron Copland	/ˈɛərən ˈkoʊplənd/	https://en.wikipedia.org/wiki/Aaron_Copland	Appalachian Spring: Simple Gifts	Copland: Appalachian Spring	Leonard Bernstein, New York Philharmonic	Copland Appalachian Spring Simple Gifts Bernstein	basic	Representative listening example for 06 Interwar Modernism and New Media.
06 Interwar Modernism and New Media	约 1918-1945	ballet	108	yes	Aaron Copland	/ˈɛərən ˈkoʊplənd/	https://en.wikipedia.org/wiki/Aaron_Copland	Billy the Kid: Open Prairie	Copland: Billy the Kid	Leonard Bernstein, New York Philharmonic	Copland Billy the Kid Open Prairie Bernstein	advanced	Representative listening example for 06 Interwar Modernism and New Media.
06 Interwar Modernism and New Media	约 1918-1945	vocal work	109	yes	Kurt Weill	/kʊrt vaɪl/	https://en.wikipedia.org/wiki/Kurt_Weill	Die Dreigroschenoper: Mack the Knife	Weill: Threepenny Opera	Ute Lemper	Kurt Weill Mack the Knife Ute Lemper	basic	Representative listening example for 06 Interwar Modernism and New Media.
06 Interwar Modernism and New Media	约 1918-1945	symphony	110	yes	Florence Price	/ˈflɔːrəns praɪs/	https://en.wikipedia.org/wiki/Florence_Price	Symphony No. 1: III. Juba Dance	Price: Symphonies	John Jeter, Fort Smith Symphony	Florence Price Symphony 1 Juba John Jeter	basic	Representative listening example for 06 Interwar Modernism and New Media.
06 Interwar Modernism and New Media	约 1918-1945	symphony	111	yes	William Grant Still	/ˈwɪljəm ɡrænt stɪl/	https://en.wikipedia.org/wiki/William_Grant_Still	Symphony No. 1 "Afro-American": I. Moderato assai	Still: Afro-American Symphony	Neeme Järvi, Detroit Symphony Orchestra	William Grant Still Afro-American Symphony Jarvi Detroit	advanced	Representative listening example for 06 Interwar Modernism and New Media.
06 Interwar Modernism and New Media	约 1918-1945	film score	112	yes	Erich Wolfgang Korngold	/ˈɛrɪk ˈwʊlfɡæŋ ˈkɔːrnɡoʊld/	https://en.wikipedia.org/wiki/Erich_Wolfgang_Korngold	Kings Row: Main Title	Korngold: The Sea Hawk and Other Film Scores	Charles Gerhardt, National Philharmonic	Korngold Kings Row Main Title Charles Gerhardt	basic	Representative listening example for 06 Interwar Modernism and New Media.
06 Interwar Modernism and New Media	约 1918-1945	chamber music	113	yes	Samuel Barber	/ˈsæmjuəl ˈbɑːrbər/	https://en.wikipedia.org/wiki/Samuel_Barber	Adagio for Strings, Op. 11	Barber: Adagio for Strings	Leonard Bernstein, New York Philharmonic	Barber Adagio for Strings Bernstein New York Philharmonic	basic	Representative listening example for 06 Interwar Modernism and New Media.
06 Interwar Modernism and New Media	约 1918-1945	symphony	114	yes	Benjamin Britten	/ˈbɛndʒəmɪn ˈbrɪtən/	https://en.wikipedia.org/wiki/Benjamin_Britten	Simple Symphony: Playful Pizzicato	Britten: Simple Symphony	English Chamber Orchestra, Benjamin Britten	Britten Simple Symphony Playful Pizzicato	basic	Representative listening example for 06 Interwar Modernism and New Media.
06 Interwar Modernism and New Media	约 1918-1945	oratorio	115	yes	Carl Orff	/kɑːrl ɔːrf/	https://en.wikipedia.org/wiki/Carl_Orff	Carmina Burana: O Fortuna	Orff: Carmina Burana	Eugen Jochum, Chor und Orchester der Deutschen Oper Berlin	Orff Carmina Burana O Fortuna Jochum	basic	Representative listening example for 06 Interwar Modernism and New Media.
06 Interwar Modernism and New Media	约 1918-1945	tone poem	116	yes	Silvestre Revueltas	/sɪlˈvɛstreɪ rɛˈvwɛltəs/	https://en.wikipedia.org/wiki/Silvestre_Revueltas	Sensemayá	Revueltas: Sensemayá	Esa-Pekka Salonen, Los Angeles Philharmonic	Revueltas Sensemaya Salonen Los Angeles	advanced	Representative listening example for 06 Interwar Modernism and New Media.
07 Postwar Avant-Garde and Sound Experiments	约 1945-1970s	symphony	117	yes	Olivier Messiaen	/ˌɒlɪviˈeɪ mɛˈsjɑːn/	https://en.wikipedia.org/wiki/Olivier_Messiaen	Turangalîla-Symphonie: V. Joie du sang des étoiles	Messiaen: Turangalîla-Symphonie	Esa-Pekka Salonen, Philharmonia Orchestra	Messiaen Turangalila Salonen Philharmonia	basic	Representative listening example for 07 Postwar Avant-Garde and Sound Experiments.
07 Postwar Avant-Garde and Sound Experiments	约 1945-1970s	chamber music	118	yes	Olivier Messiaen	/ˌɒlɪviˈeɪ mɛˈsjɑːn/	https://en.wikipedia.org/wiki/Olivier_Messiaen	Quatuor pour la fin du temps: Louange à l'Éternité de Jésus	Messiaen: Quartet for the End of Time	Tashi	Messiaen Quartet End of Time Louange Tashi	advanced	Representative listening example for 07 Postwar Avant-Garde and Sound Experiments.
07 Postwar Avant-Garde and Sound Experiments	约 1945-1970s	chamber music	119	yes	Pierre Boulez	/pjɛər buːˈlɛz/	https://en.wikipedia.org/wiki/Pierre_Boulez	Le Marteau sans maître: Avant l'artisanat furieux	Boulez: Le Marteau sans maître	Ensemble Intercontemporain, Pierre Boulez	Boulez Le Marteau sans maître Ensemble Intercontemporain	advanced	Representative listening example for 07 Postwar Avant-Garde and Sound Experiments.
07 Postwar Avant-Garde and Sound Experiments	约 1945-1970s	electronic music	120	yes	Karlheinz Stockhausen	/ˈkɑːrlhaɪnts ˈʃtɒkhaʊzən/	https://en.wikipedia.org/wiki/Karlheinz_Stockhausen	Gesang der Jünglinge	Stockhausen: Electronic Music	Stockhausen	Karlheinz Stockhausen Gesang der Junglinge	advanced	Representative listening example for 07 Postwar Avant-Garde and Sound Experiments.
07 Postwar Avant-Garde and Sound Experiments	约 1945-1970s	keyboard or piano work	121	yes	John Cage	/dʒɒn keɪdʒ/	https://en.wikipedia.org/wiki/John_Cage	Sonatas and Interludes: Sonata V	Cage: Sonatas and Interludes	John Tilbury	John Cage Sonatas Interludes John Tilbury	basic	Representative listening example for 07 Postwar Avant-Garde and Sound Experiments.
07 Postwar Avant-Garde and Sound Experiments	约 1945-1970s	偶然音乐/观念作品	122	yes	John Cage	/dʒɒn keɪdʒ/	https://en.wikipedia.org/wiki/John_Cage	4'33"	Cage: 4'33"	Amadinda Percussion Group	John Cage 4'33 Amadinda	advanced	Representative listening example for 07 Postwar Avant-Garde and Sound Experiments.
07 Postwar Avant-Garde and Sound Experiments	约 1945-1970s	orchestral work	123	yes	Iannis Xenakis	/ˈjɑːnɪs zɛˈnɑːkɪs/	https://en.wikipedia.org/wiki/Iannis_Xenakis	Metastaseis	Xenakis: Orchestral Works	Arturo Tamayo, Luxembourg Philharmonic	Xenakis Metastaseis Arturo Tamayo	advanced	Representative listening example for 07 Postwar Avant-Garde and Sound Experiments.
07 Postwar Avant-Garde and Sound Experiments	约 1945-1970s	orchestral work	124	yes	György Ligeti	/ˈdʒɜːrdʒi lɪˈɡɛti/	https://en.wikipedia.org/wiki/Gy%C3%B6rgy_Ligeti	Atmosphères	Ligeti: Orchestral Works	Jonathan Nott, Berlin Philharmonic	Ligeti Atmospheres Jonathan Nott Berlin Philharmonic	basic	Representative listening example for 07 Postwar Avant-Garde and Sound Experiments.
07 Postwar Avant-Garde and Sound Experiments	约 1945-1970s	vocal work	125	yes	György Ligeti	/ˈdʒɜːrdʒi lɪˈɡɛti/	https://en.wikipedia.org/wiki/Gy%C3%B6rgy_Ligeti	Lux Aeterna	Ligeti: Lux Aeterna	Eric Ericson Chamber Choir	Ligeti Lux Aeterna Eric Ericson Chamber Choir	advanced	Representative listening example for 07 Postwar Avant-Garde and Sound Experiments.
07 Postwar Avant-Garde and Sound Experiments	约 1945-1970s	弦乐队/哀歌	126	yes	Krzysztof Penderecki	/ˈkrɪʃtɒf ˌpɛndəˈrɛtski/	https://en.wikipedia.org/wiki/Krzysztof_Penderecki	Threnody for the Victims of Hiroshima	Penderecki: Threnody	Antoni Wit, Polish National Radio Symphony	Penderecki Threnody Antoni Wit	basic	Representative listening example for 07 Postwar Avant-Garde and Sound Experiments.
07 Postwar Avant-Garde and Sound Experiments	约 1945-1970s	concerto	127	yes	Witold Lutosławski	/ˈviːtɒld ˌluːtoʊˈslɑːfski/	https://en.wikipedia.org/wiki/Witold_Lutos%C5%82awski	Concerto for Orchestra: III. Passacaglia, Toccata e Corale	Lutosławski: Concerto for Orchestra	Witold Lutosławski, Warsaw Philharmonic	Lutoslawski Concerto for Orchestra Warsaw Philharmonic	advanced	Representative listening example for 07 Postwar Avant-Garde and Sound Experiments.
07 Postwar Avant-Garde and Sound Experiments	约 1945-1970s	requiem	128	yes	Benjamin Britten	/ˈbɛndʒəmɪn ˈbrɪtən/	https://en.wikipedia.org/wiki/Benjamin_Britten	War Requiem: Libera me	Britten: War Requiem	Benjamin Britten, London Symphony Orchestra	Britten War Requiem Libera me Britten LSO	basic	Representative listening example for 07 Postwar Avant-Garde and Sound Experiments.
07 Postwar Avant-Garde and Sound Experiments	约 1945-1970s	orchestral work	129	yes	Tōru Takemitsu	/ˈtoʊruː ˌtɑːkəˈmɪtsuː/	https://en.wikipedia.org/wiki/Toru_Takemitsu	November Steps	Takemitsu: November Steps	Seiji Ozawa, Toronto Symphony Orchestra	Takemitsu November Steps Seiji Ozawa	advanced	Representative listening example for 07 Postwar Avant-Garde and Sound Experiments.
07 Postwar Avant-Garde and Sound Experiments	约 1945-1970s	交响/拼贴作品	130	yes	Luciano Berio	/luːˈtʃɑːnoʊ ˈbɛrioʊ/	https://en.wikipedia.org/wiki/Luciano_Berio	Sinfonia: III. In ruhig fliessender Bewegung	Berio: Sinfonia	Pierre Boulez, New York Philharmonic	Berio Sinfonia Boulez New York Philharmonic	advanced	Representative listening example for 07 Postwar Avant-Garde and Sound Experiments.
07 Postwar Avant-Garde and Sound Experiments	约 1945-1970s	vocal work	131	yes	Luciano Berio	/luːˈtʃɑːnoʊ ˈbɛrioʊ/	https://en.wikipedia.org/wiki/Luciano_Berio	Sequenza III	Berio: Sequenzas	Cathy Berberian	Berio Sequenza III Cathy Berberian	advanced	Representative listening example for 07 Postwar Avant-Garde and Sound Experiments.
07 Postwar Avant-Garde and Sound Experiments	约 1945-1970s	electronic music	132	yes	Milton Babbitt	/ˈmɪltən ˈbæbɪt/	https://en.wikipedia.org/wiki/Milton_Babbitt	Philomel	Babbitt: Philomel	Bethany Beardslee	Milton Babbitt Philomel Bethany Beardslee	advanced	Representative listening example for 07 Postwar Avant-Garde and Sound Experiments.
07 Postwar Avant-Garde and Sound Experiments	约 1945-1970s	string quartet	133	yes	George Crumb	/dʒɔːrdʒ krʌm/	https://en.wikipedia.org/wiki/George_Crumb	Black Angels: Threnody I	Crumb: Black Angels	Kronos Quartet	George Crumb Black Angels Kronos Quartet	basic	Representative listening example for 07 Postwar Avant-Garde and Sound Experiments.
07 Postwar Avant-Garde and Sound Experiments	约 1945-1970s	concerto	134	yes	Alfred Schnittke	/ˈælfrɛd ˈʃnɪtkə/	https://en.wikipedia.org/wiki/Alfred_Schnittke	Concerto Grosso No. 1: V. Rondo	Schnittke: Concerto Grosso No. 1	Gidon Kremer, Yuri Bashmet	Schnittke Concerto Grosso 1 Gidon Kremer Bashmet	advanced	Representative listening example for 07 Postwar Avant-Garde and Sound Experiments.
07 Postwar Avant-Garde and Sound Experiments	约 1945-1970s	concerto	135	yes	Sofia Gubaidulina	/ˈsoʊfiə ˌɡuːbaɪˈduːlɪnə/	https://en.wikipedia.org/wiki/Sofia_Gubaidulina	Offertorium	Gubaidulina: Offertorium	Gidon Kremer, Charles Dutoit	Sofia Gubaidulina Offertorium Gidon Kremer Dutoit	advanced	Representative listening example for 07 Postwar Avant-Garde and Sound Experiments.
07 Postwar Avant-Garde and Sound Experiments	约 1945-1970s	electronic music	136	yes	Edgard Varèse	/ɛdˈɡɑːr vəˈrɛz/	https://en.wikipedia.org/wiki/Edgard_Var%C3%A8se	Poème électronique	Varèse: The Complete Works	Riccardo Chailly, Asko Ensemble	Varese Poeme electronique Chailly Asko	advanced	Representative listening example for 07 Postwar Avant-Garde and Sound Experiments.
08 Minimalism and Post-Minimalism	约 1960s-1990s	开放形式/极简主义	137	yes	Terry Riley	/ˈtɛri ˈraɪli/	https://en.wikipedia.org/wiki/Terry_Riley	In C	In C	Shanghai Film Orchestra, Wang Yongji	Terry Riley In C	basic	Representative listening example for 08 Minimalism and Post-Minimalism.
08 Minimalism and Post-Minimalism	约 1960s-1990s	打击乐/身体节奏	138	yes	Steve Reich	/stiːv raɪʃ/	https://en.wikipedia.org/wiki/Steve_Reich	Clapping Music	Reich: Works 1965-1995	Steve Reich and Musicians	Steve Reich Clapping Music	basic	Representative listening example for 08 Minimalism and Post-Minimalism.
08 Minimalism and Post-Minimalism	约 1960s-1990s	chamber music	139	yes	Steve Reich	/stiːv raɪʃ/	https://en.wikipedia.org/wiki/Steve_Reich	Music for 18 Musicians: Pulses	Reich: Music for 18 Musicians	Steve Reich and Musicians	Steve Reich Music for 18 Musicians Pulses	basic	Representative listening example for 08 Minimalism and Post-Minimalism.
08 Minimalism and Post-Minimalism	约 1960s-1990s	string quartet	140	yes	Steve Reich	/stiːv raɪʃ/	https://en.wikipedia.org/wiki/Steve_Reich	Different Trains: America, Before the War	Reich: Different Trains	Kronos Quartet	Steve Reich Different Trains Kronos Quartet	advanced	Representative listening example for 08 Minimalism and Post-Minimalism.
08 Minimalism and Post-Minimalism	约 1960s-1990s	keyboard or piano work	141	yes	Philip Glass	/ˈfɪlɪp ɡlæs/	https://en.wikipedia.org/wiki/Philip_Glass	Glassworks: Opening	Glassworks	Philip Glass Ensemble	Philip Glass Glassworks Opening	basic	Representative listening example for 08 Minimalism and Post-Minimalism.
08 Minimalism and Post-Minimalism	约 1960s-1990s	opera	142	yes	Philip Glass	/ˈfɪlɪp ɡlæs/	https://en.wikipedia.org/wiki/Philip_Glass	Einstein on the Beach: Knee Play 1	Einstein on the Beach	Philip Glass Ensemble	Philip Glass Einstein on the Beach Knee Play 1	advanced	Representative listening example for 08 Minimalism and Post-Minimalism.
08 Minimalism and Post-Minimalism	约 1960s-1990s	orchestral work	143	yes	John Adams	/dʒɒn ˈædəmz/	https://en.wikipedia.org/wiki/John_Adams_%28composer%29	Short Ride in a Fast Machine	Adams: Short Ride in a Fast Machine	Michael Tilson Thomas, San Francisco Symphony	John Adams Short Ride in a Fast Machine Tilson Thomas	basic	Representative listening example for 08 Minimalism and Post-Minimalism.
08 Minimalism and Post-Minimalism	约 1960s-1990s	symphony	144	yes	John Adams	/dʒɒn ˈædəmz/	https://en.wikipedia.org/wiki/John_Adams_%28composer%29	Harmonielehre: III. Meister Eckhardt and Quackie	Adams: Harmonielehre	Simon Rattle, City of Birmingham Symphony Orchestra	John Adams Harmonielehre Simon Rattle	advanced	Representative listening example for 08 Minimalism and Post-Minimalism.
08 Minimalism and Post-Minimalism	约 1960s-1990s	opera	145	yes	John Adams	/dʒɒn ˈædəmz/	https://en.wikipedia.org/wiki/John_Adams_%28composer%29	Nixon in China: The Chairman Dances	Adams: The Chairman Dances	Edo de Waart, San Francisco Symphony	John Adams Chairman Dances Edo de Waart	basic	Representative listening example for 08 Minimalism and Post-Minimalism.
08 Minimalism and Post-Minimalism	约 1960s-1990s	chamber music	146	yes	Arvo Pärt	/ˈɑːrvoʊ pɛərt/	https://en.wikipedia.org/wiki/Arvo_P%C3%A4rt	Spiegel im Spiegel	Alina	Angela Yoffe, Vadim Gluzman	Arvo Part Spiegel im Spiegel Angela Yoffe	basic	Representative listening example for 08 Minimalism and Post-Minimalism.
08 Minimalism and Post-Minimalism	约 1960s-1990s	chamber music	147	yes	Arvo Pärt	/ˈɑːrvoʊ pɛərt/	https://en.wikipedia.org/wiki/Arvo_P%C3%A4rt	Fratres	Tabula Rasa	Gidon Kremer, Keith Jarrett	Arvo Part Fratres Gidon Kremer Keith Jarrett	advanced	Representative listening example for 08 Minimalism and Post-Minimalism.
08 Minimalism and Post-Minimalism	约 1960s-1990s	symphony	148	yes	Henryk Górecki	/ˈhɛnrik ɡəˈrɛtski/	https://en.wikipedia.org/wiki/Henryk_G%C3%B3recki	Symphony No. 3: II. Lento e largo	Górecki: Symphony No. 3	David Zinman, Dawn Upshaw	Gorecki Symphony 3 Dawn Upshaw Zinman	basic	Representative listening example for 08 Minimalism and Post-Minimalism.
08 Minimalism and Post-Minimalism	约 1960s-1990s	vocal work	149	yes	Louis Andriessen	/ˈluːi ˈɑːndriəsən/	https://en.wikipedia.org/wiki/Louis_Andriessen	De Staat: Part I	Andriessen: De Staat	Reinbert de Leeuw, Schönberg Ensemble	Andriessen De Staat Reinbert de Leeuw	advanced	Representative listening example for 08 Minimalism and Post-Minimalism.
08 Minimalism and Post-Minimalism	约 1960s-1990s	chamber music	150	yes	Meredith Monk	/ˈmɛrədɪθ mʌŋk/	https://en.wikipedia.org/wiki/Meredith_Monk	Dolmen Music: Overture	Dolmen Music	Meredith Monk	Meredith Monk Dolmen Music Overture	advanced	Representative listening example for 08 Minimalism and Post-Minimalism.
08 Minimalism and Post-Minimalism	约 1960s-1990s	variations	151	yes	Frederic Rzewski	/ˈfrɛdərɪk ˈʒɛfski/	https://en.wikipedia.org/wiki/Frederic_Rzewski	The People United Will Never Be Defeated!: Theme	Rzewski: The People United	Marc-André Hamelin	Rzewski People United Hamelin	advanced	Representative listening example for 08 Minimalism and Post-Minimalism.
08 Minimalism and Post-Minimalism	约 1960s-1990s	film score	152	yes	Michael Nyman	/ˈmaɪkəl ˈnaɪmən/	https://en.wikipedia.org/wiki/Michael_Nyman	The Heart Asks Pleasure First	The Piano: Original Music	Michael Nyman	Michael Nyman Heart Asks Pleasure First	basic	Representative listening example for 08 Minimalism and Post-Minimalism.
09 Film, Game, and Screen Media	电影约 1930s 至今；游戏约 1980s 至今	film score	153	yes	John Williams	/dʒɒn ˈwɪljəmz/	https://en.wikipedia.org/wiki/John_Williams	Star Wars: Main Title	Star Wars: A New Hope	John Williams, London Symphony Orchestra	John Williams Star Wars Main Title London Symphony	basic	Representative listening example for 09 Film, Game, and Screen Media.
09 Film, Game, and Screen Media	电影约 1930s 至今；游戏约 1980s 至今	film score	154	yes	John Williams	/dʒɒn ˈwɪljəmz/	https://en.wikipedia.org/wiki/John_Williams	E.T.: Flying Theme	E.T. The Extra-Terrestrial	John Williams, Hollywood Studio Symphony	John Williams ET Flying Theme	basic	Representative listening example for 09 Film, Game, and Screen Media.
09 Film, Game, and Screen Media	电影约 1930s 至今；游戏约 1980s 至今	film score	155	yes	John Williams	/dʒɒn ˈwɪljəmz/	https://en.wikipedia.org/wiki/John_Williams	Schindler's List: Theme	Schindler's List	Itzhak Perlman, John Williams	John Williams Schindler's List Perlman	basic	Representative listening example for 09 Film, Game, and Screen Media.
09 Film, Game, and Screen Media	电影约 1930s 至今；游戏约 1980s 至今	film score	156	yes	Ennio Morricone	/ˈɛnioʊ ˌmɒrɪˈkoʊneɪ/	https://en.wikipedia.org/wiki/Ennio_Morricone	The Mission: Gabriel's Oboe	The Mission	Ennio Morricone	Ennio Morricone Gabriel's Oboe The Mission	basic	Representative listening example for 09 Film, Game, and Screen Media.
09 Film, Game, and Screen Media	电影约 1930s 至今；游戏约 1980s 至今	film score	157	yes	Bernard Herrmann	/ˈbɜːrnərd ˈhɜːrmən/	https://en.wikipedia.org/wiki/Bernard_Herrmann	Psycho: Prelude	Psycho	Bernard Herrmann	Bernard Herrmann Psycho Prelude	advanced	Representative listening example for 09 Film, Game, and Screen Media.
09 Film, Game, and Screen Media	电影约 1930s 至今；游戏约 1980s 至今	film score	158	yes	Nino Rota	/ˈniːnoʊ ˈroʊtə/	https://en.wikipedia.org/wiki/Nino_Rota	The Godfather Waltz	The Godfather	Nino Rota	Nino Rota Godfather Waltz	basic	Representative listening example for 09 Film, Game, and Screen Media.
09 Film, Game, and Screen Media	电影约 1930s 至今；游戏约 1980s 至今	film score	159	yes	Joe Hisaishi	/dʒoʊ hɪˈsaɪʃi/	https://en.wikipedia.org/wiki/Joe_Hisaishi	Symphonic Suite "Princess Mononoke" 2021: VII. Ashitaka And San (Live)	Symphonic Suite "Princess Mononoke" 2021 (Live)	Joe Hisaishi, New Japan Philharmonic World Dream Orchestra	Joe Hisaishi Princess Mononoke 2021 Ashitaka And San	basic	Representative listening example for 09 Film, Game, and Screen Media.
09 Film, Game, and Screen Media	电影约 1930s 至今；游戏约 1980s 至今	film score	160	yes	Joe Hisaishi	/dʒoʊ hɪˈsaɪʃi/	https://en.wikipedia.org/wiki/Joe_Hisaishi	Spirited Away: One Summer's Day	Spirited Away	Joe Hisaishi	Joe Hisaishi One Summer's Day Spirited Away	basic	Representative listening example for 09 Film, Game, and Screen Media.
09 Film, Game, and Screen Media	电影约 1930s 至今；游戏约 1980s 至今	film score	161	yes	Hans Zimmer	/hɑːns ˈzɪmər/	https://en.wikipedia.org/wiki/Hans_Zimmer	Interstellar: Cornfield Chase	Interstellar	Hans Zimmer	Hans Zimmer Interstellar Cornfield Chase	basic	Representative listening example for 09 Film, Game, and Screen Media.
09 Film, Game, and Screen Media	电影约 1930s 至今；游戏约 1980s 至今	电视剧配乐/声音设计	162	yes	Hildur Guðnadóttir	/ˈhɪldʊr ˈɡʊðnəˌdoʊtɪr/	https://en.wikipedia.org/wiki/Hildur_Gu%C3%B0nad%C3%B3ttir	Vichnaya Pamyat	Chernobyl (Music from the Original TV Series)	Hildur Guðnadóttir, Homin Lviv Municipal Choir	Hildur Gudnadottir Chernobyl Vichnaya Pamyat	advanced	Representative listening example for 09 Film, Game, and Screen Media.
09 Film, Game, and Screen Media	电影约 1930s 至今；游戏约 1980s 至今	film score	163	yes	Mica Levi	/ˈmiːkə ˈliːvi/	https://en.wikipedia.org/wiki/Mica_Levi	Under the Skin: Love	Under the Skin	Mica Levi	Mica Levi Under the Skin Love	advanced	Representative listening example for 09 Film, Game, and Screen Media.
09 Film, Game, and Screen Media	电影约 1930s 至今；游戏约 1980s 至今	game score	164	yes	Nobuo Uematsu	/ˈnoʊbuoʊ ˌuːeɪˈmætsuː/	https://en.wikipedia.org/wiki/Nobuo_Uematsu	Final Fantasy VII: Aerith's Theme	Distant Worlds: Music from Final Fantasy	Arnie Roth, Distant Worlds Philharmonic	Nobuo Uematsu Aerith's Theme Distant Worlds	basic	Representative listening example for 09 Film, Game, and Screen Media.
09 Film, Game, and Screen Media	电影约 1930s 至今；游戏约 1980s 至今	game score	165	yes	Yoko Shimomura	/ˈjoʊkoʊ ˌʃiːmoʊˈmʊərə/	https://en.wikipedia.org/wiki/Yoko_Shimomura	Kingdom Hearts: Dearly Beloved	Kingdom Hearts Orchestra	Yoko Shimomura	Yoko Shimomura Dearly Beloved Kingdom Hearts Orchestra	basic	Representative listening example for 09 Film, Game, and Screen Media.
09 Film, Game, and Screen Media	电影约 1930s 至今；游戏约 1980s 至今	game score	166	yes	Austin Wintory	/ˈɔːstɪn ˈwɪntəri/	https://en.wikipedia.org/wiki/Austin_Wintory	Journey: Nascence	Journey Original Soundtrack	Austin Wintory	Austin Wintory Journey Nascence	advanced	Representative listening example for 09 Film, Game, and Screen Media.
10 Contemporary Classical and Cross-Genre Composition	约 1990 至今	opera	167	yes	Kaija Saariaho	/ˈkaɪjə ˈsɑːriɑːhoʊ/	https://en.wikipedia.org/wiki/Kaija_Saariaho	L'Amour de loin: Premier acte (Traversée)	Kaija Saariaho: L'Amour de loin	Kent Nagano, Deutsches Symphonie-Orchester Berlin	Saariaho L'Amour de loin Premier acte Traversee Kent Nagano	advanced	Representative listening example for 10 Contemporary Classical and Cross-Genre Composition.
10 Contemporary Classical and Cross-Genre Composition	约 1990 至今	orchestral work	168	yes	Thomas Adès	/ˈtɒməs əˈdɛs/	https://en.wikipedia.org/wiki/Thomas_Ad%C3%A8s	Asyla: III. Ecstasio	Adès: Asyla	Simon Rattle, City of Birmingham Symphony Orchestra	Thomas Ades Asyla Ecstasio Simon Rattle	advanced	Representative listening example for 10 Contemporary Classical and Cross-Genre Composition.
10 Contemporary Classical and Cross-Genre Composition	约 1990 至今	orchestral work	169	yes	Jennifer Higdon	/ˈdʒɛnɪfər ˈhɪɡdən/	https://en.wikipedia.org/wiki/Jennifer_Higdon	blue cathedral	Higdon: blue cathedral	Robert Spano, Atlanta Symphony Orchestra	Jennifer Higdon blue cathedral Robert Spano	basic	Representative listening example for 10 Contemporary Classical and Cross-Genre Composition.
10 Contemporary Classical and Cross-Genre Composition	约 1990 至今	chamber music	170	yes	Missy Mazzoli	/ˈmɪsi məˈzoʊli/	https://en.wikipedia.org/wiki/Missy_Mazzoli	Sinfonia for Orbiting Spheres	Mazzoli: Vespers for a New Dark Age	Victoire	Missy Mazzoli Sinfonia for Orbiting Spheres Victoire	basic	Representative listening example for 10 Contemporary Classical and Cross-Genre Composition.
10 Contemporary Classical and Cross-Genre Composition	约 1990 至今	弦乐队	171	yes	Jessie Montgomery	/ˈdʒɛsi mɒntˈɡʌməri/	https://en.wikipedia.org/wiki/Jessie_Montgomery	Starburst	Strum: Music for Strings	Jessie Montgomery, Catalyst Quartet	Jessie Montgomery Starburst Catalyst Quartet	basic	Representative listening example for 10 Contemporary Classical and Cross-Genre Composition.
10 Contemporary Classical and Cross-Genre Composition	约 1990 至今	vocal work	172	yes	Caroline Shaw	/ˈkærəlaɪn ʃɔː/	https://en.wikipedia.org/wiki/Caroline_Shaw	Partita for 8 Voices: Passacaglia	Roomful of Teeth	Roomful of Teeth	Caroline Shaw Partita Passacaglia Roomful of Teeth	basic	Representative listening example for 10 Contemporary Classical and Cross-Genre Composition.
10 Contemporary Classical and Cross-Genre Composition	约 1990 至今	弦乐队	173	yes	Anna Clyne	/ˈænə klaɪn/	https://en.wikipedia.org/wiki/Anna_Clyne	Within Her Arms	Clyne: Mythologies	Esa-Pekka Salonen, Philharmonia Orchestra	Anna Clyne Within Her Arms Salonen Philharmonia	basic	Representative listening example for 10 Contemporary Classical and Cross-Genre Composition.
10 Contemporary Classical and Cross-Genre Composition	约 1990 至今	concerto	174	yes	Unsuk Chin	/ˈʊn sʊk tʃɪn/	https://en.wikipedia.org/wiki/Unsuk_Chin	Violin Concerto: I.	Chin: Violin Concerto	Viviane Hagner, Kent Nagano	Unsuk Chin Violin Concerto Viviane Hagner Nagano	advanced	Representative listening example for 10 Contemporary Classical and Cross-Genre Composition.
10 Contemporary Classical and Cross-Genre Composition	约 1990 至今	orchestral work	175	yes	Gabriela Ortiz	/ˌɡæbriˈɛlə ɔːrˈtiːz/	https://en.wikipedia.org/wiki/Gabriela_Ortiz	Kauyumari	Ortiz: Altar de cuerda	Gustavo Dudamel, Los Angeles Philharmonic	Gabriela Ortiz Kauyumari Dudamel LA Philharmonic	basic	Representative listening example for 10 Contemporary Classical and Cross-Genre Composition.
10 Contemporary Classical and Cross-Genre Composition	约 1990 至今	orchestral work	176	yes	Dani Howard	/ˈdæni ˈhaʊərd/	https://en.wikipedia.org/wiki/Dani_Howard	Argentum	Howard: Argentum	Royal Liverpool Philharmonic Orchestra	Dani Howard Argentum Royal Liverpool Philharmonic	basic	Representative listening example for 10 Contemporary Classical and Cross-Genre Composition.
10 Contemporary Classical and Cross-Genre Composition	约 1990 至今	concerto	177	yes	Max Richter	/mæks ˈrɪktər/	https://en.wikipedia.org/wiki/Max_Richter	Recomposed: Vivaldi, Spring 1	Recomposed by Max Richter	Max Richter, Daniel Hope	Max Richter Recomposed Vivaldi Spring 1 Daniel Hope	basic	Representative listening example for 10 Contemporary Classical and Cross-Genre Composition.
10 Contemporary Classical and Cross-Genre Composition	约 1990 至今	弦乐队/声音实验	178	yes	Jonny Greenwood	/ˈdʒɒni ˈɡriːnwʊd/	https://en.wikipedia.org/wiki/Jonny_Greenwood	Popcorn Superhet Receiver	Popcorn Superhet Receiver	AUKSO Orchestra, Marek Moś	Jonny Greenwood Popcorn Superhet Receiver Aukso	advanced	Representative listening example for 10 Contemporary Classical and Cross-Genre Composition.
10 Contemporary Classical and Cross-Genre Composition	约 1990 至今	electronic music	179	yes	Mason Bates	/ˈmeɪsən beɪts/	https://en.wikipedia.org/wiki/Mason_Bates	Mothership	Mason Bates: Works	Leonard Slatkin, London Symphony Orchestra	Mason Bates Mothership Slatkin London Symphony	basic	Representative listening example for 10 Contemporary Classical and Cross-Genre Composition.
10 Contemporary Classical and Cross-Genre Composition	约 1990 至今	orchestral work	180	yes	Tania León	/ˈtɑːnjə leɪˈoʊn/	https://en.wikipedia.org/wiki/Tania_Le%C3%B3n	Stride	León: Stride	Susanna Mälkki, New York Philharmonic	Tania Leon Stride Susanna Malkki New York Philharmonic	advanced	Representative listening example for 10 Contemporary Classical and Cross-Genre Composition.
