row_id	chapter	period_range	genre_or_form	track_no	after_1900	composer	composer_zh	composer_western	composer_ipa	composer_wiki	work	recommended_recording	performers	search_keywords	strict_search_query	medium_search_query	fallback_search_query	apple_search_keywords	difficulty	role
classical_atlas_001	01 早期音乐与复调	约 9 世纪-1600	圣咏	001	否	佚名	佚名	Anonymous	/əˈnɑːnɪməs/	https://en.wikipedia.org/wiki/Anonymous_work	Gregorian Chant: Dies irae	Chant: Music for the Soul	Benedictine Monks of Santo Domingo de Silos	Gregorian Chant Dies irae Benedictine Monks Santo Domingo de Silos	Anonymous Gregorian Chant: Dies irae Benedictine Monks of Santo Domingo de Silos	Anonymous Gregorian Chant: Dies irae	Anonymous Chant: Music for the Soul	Gregorian Chant Dies irae Benedictine Monks Santo Domingo de Silos	基础	圣咏入门，听单旋律如何服务文本
classical_atlas_002	01 早期音乐与复调	约 9 世纪-1600	圣咏/宗教歌曲	002	否	宾根的希尔德加德	宾根的希尔德加德	Hildegard von Bingen	/ˈhɪldəɡɑːrd vɒn ˈbɪŋən/	https://en.wikipedia.org/wiki/Hildegard_of_Bingen	O viridissima virga, BN 19	A Feather on the Breath of God	Emma Kirkby, Gothic Voices, Christopher Page	Hildegard O viridissima virga Emma Kirkby Gothic Voices	Hildegard von Bingen O viridissima virga, BN 19 Emma Kirkby, Gothic Voices, Christopher Page	Hildegard von Bingen O viridissima virga, BN 19	Hildegard von Bingen A Feather on the Breath of God	Hildegard O viridissima virga Emma Kirkby Gothic Voices	基础	女性作曲家与中世纪神秘主义声音
classical_atlas_003	01 早期音乐与复调	约 9 世纪-1600	复调圣歌	003	否	佩罗坦	佩罗坦	Pérotin	/ˈpɛrətɪn/	https://en.wikipedia.org/wiki/P%C3%A9rotin	Viderunt omnes	Perotin and the Ars Antiqua	The Hilliard Ensemble	Pérotin Viderunt omnes Hilliard Ensemble	Pérotin Viderunt omnes The Hilliard Ensemble	Pérotin Viderunt omnes	Pérotin Perotin and the Ars Antiqua	Pérotin Viderunt omnes Hilliard Ensemble	进阶	巴黎圣母院复调，听声部垂直空间
classical_atlas_004	01 早期音乐与复调	约 9 世纪-1600	弥撒	004	否	纪尧姆·德·马肖	纪尧姆·德·马肖	Guillaume de Machaut	/ɡiˈjoʊm də mæˈʃoʊ/	https://en.wikipedia.org/wiki/Guillaume_de_Machaut	Messe de Nostre Dame: Kyrie	Messe de Nostre Dame	Ensemble Organum, Marcel Pérès	Machaut Messe de Nostre Dame Kyrie Ensemble Organum	Guillaume de Machaut Messe de Nostre Dame: Kyrie Ensemble Organum, Marcel Pérès	Guillaume de Machaut Messe de Nostre Dame: Kyrie	Guillaume de Machaut Messe de Nostre Dame	Machaut Messe de Nostre Dame Kyrie Ensemble Organum	进阶	最早的重要弥撒循环之一
classical_atlas_005	01 早期音乐与复调	约 9 世纪-1600	经文歌/庆典经文歌	005	否	纪尧姆·迪费	纪尧姆·迪费	Guillaume Dufay	/ɡiˈjoʊm duːˈfaɪ/	https://en.wikipedia.org/wiki/Guillaume_Du_Fay	Nuper rosarum flores	Dufay: Flos florum	The Hilliard Ensemble	Dufay Nuper rosarum flores Hilliard Ensemble	Guillaume Dufay Nuper rosarum flores The Hilliard Ensemble	Guillaume Dufay Nuper rosarum flores	Guillaume Dufay Dufay: Flos florum	Dufay Nuper rosarum flores Hilliard Ensemble	进阶	文艺复兴早期结构与建筑感
classical_atlas_006	01 早期音乐与复调	约 9 世纪-1600	经文歌	006	否	若斯坎·德普雷	若斯坎·德普雷	Josquin des Prez	/ʒɒsˈkæn deɪ ˈpreɪ/	https://en.wikipedia.org/wiki/Josquin_des_Prez	Ave Maria ... virgo serena	Josquin: Motets	The Tallis Scholars, Peter Phillips	Josquin Ave Maria virgo serena Tallis Scholars	Josquin des Prez Ave Maria ... virgo serena The Tallis Scholars, Peter Phillips	Josquin des Prez Ave Maria ... virgo serena	Josquin des Prez Josquin: Motets	Josquin Ave Maria virgo serena Tallis Scholars	基础	模仿复调的清晰入门路径
classical_atlas_007	01 早期音乐与复调	约 9 世纪-1600	弥撒	007	否	乔瓦尼·皮耶路易吉·达·帕莱斯特里纳	乔瓦尼·皮耶路易吉·达·帕莱斯特里纳	Giovanni Pierluigi da Palestrina	/dʒoʊˈvɑːni ˌpjɛərluˈiːdʒi dɑː ˌpælɛˈstriːnə/	https://en.wikipedia.org/wiki/Giovanni_Pierluigi_da_Palestrina	Missa Papae Marcelli: Kyrie	Palestrina: Missa Papae Marcelli	The Tallis Scholars, Peter Phillips	Palestrina Missa Papae Marcelli Kyrie Tallis Scholars	Giovanni Pierluigi da Palestrina Missa Papae Marcelli: Kyrie The Tallis Scholars, Peter Phillips	Giovanni Pierluigi da Palestrina Missa Papae Marcelli: Kyrie	Giovanni Pierluigi da Palestrina Palestrina: Missa Papae Marcelli	Palestrina Missa Papae Marcelli Kyrie Tallis Scholars	基础	反宗教改革时期的文本清晰度
classical_atlas_008	01 早期音乐与复调	约 9 世纪-1600	经文歌/多声部合唱	008	否	托马斯·塔利斯	托马斯·塔利斯	Thomas Tallis	/ˈtɒməs ˈtælɪs/	https://en.wikipedia.org/wiki/Thomas_Tallis	Spem in alium	Tallis: Spem in alium	The Tallis Scholars, Peter Phillips	Tallis Spem in alium Tallis Scholars Peter Phillips	Thomas Tallis Spem in alium The Tallis Scholars, Peter Phillips	Thomas Tallis Spem in alium	Thomas Tallis Tallis: Spem in alium	Tallis Spem in alium Tallis Scholars Peter Phillips	进阶	40 声部复调，听空间铺开
classical_atlas_009	01 早期音乐与复调	约 9 世纪-1600	经文歌	009	否	威廉·伯德	威廉·伯德	William Byrd	/ˈwɪljəm bɜːrd/	https://en.wikipedia.org/wiki/William_Byrd	Haec dies	Byrd: Masses and Motets	The Cardinall's Musick, Andrew Carwood	William Byrd Haec dies Cardinall's Musick	William Byrd Haec dies The Cardinall's Musick, Andrew Carwood	William Byrd Haec dies	William Byrd Byrd: Masses and Motets	William Byrd Haec dies Cardinall's Musick	基础	英国文艺复兴声乐的明亮节奏
classical_atlas_010	01 早期音乐与复调	约 9 世纪-1600	世俗歌曲/鲁特琴歌曲	010	否	约翰·道兰	约翰·道兰	John Dowland	/ˈdʒɒn ˈdaʊlənd/	https://en.wikipedia.org/wiki/John_Dowland	Flow my tears	Dowland: In Darkness Let Me Dwell	Andreas Scholl, Julian Behr	John Dowland Flow my tears Andreas Scholl	John Dowland Flow my tears Andreas Scholl, Julian Behr	John Dowland Flow my tears	John Dowland Dowland: In Darkness Let Me Dwell	John Dowland Flow my tears Andreas Scholl	基础	世俗歌曲与忧郁气质
classical_atlas_011	01 早期音乐与复调	约 9 世纪-1600	歌剧	011	否	克劳迪奥·蒙特威尔第	克劳迪奥·蒙特威尔第	Claudio Monteverdi	/ˈklaʊdioʊ ˌmɒntɪˈvɛərdi/	https://en.wikipedia.org/wiki/Claudio_Monteverdi	L'Orfeo: Toccata	Monteverdi: L'Orfeo	John Eliot Gardiner, English Baroque Soloists	Monteverdi L'Orfeo Toccata Gardiner English Baroque Soloists	Claudio Monteverdi L'Orfeo: Toccata John Eliot Gardiner, English Baroque Soloists	Claudio Monteverdi L'Orfeo: Toccata	Claudio Monteverdi Monteverdi: L'Orfeo	Monteverdi L'Orfeo Toccata Gardiner English Baroque Soloists	基础	歌剧开端，器乐和戏剧结合
classical_atlas_012	01 早期音乐与复调	约 9 世纪-1600	晚祷/宗教声乐	012	否	克劳迪奥·蒙特威尔第	克劳迪奥·蒙特威尔第	Claudio Monteverdi	/ˈklaʊdioʊ ˌmɒntɪˈvɛərdi/	https://en.wikipedia.org/wiki/Claudio_Monteverdi	Vespro della Beata Vergine: Deus in adjutorium	Monteverdi: Vespro della Beata Vergine	John Eliot Gardiner, Monteverdi Choir	Monteverdi Vespers Deus in adjutorium Gardiner	Claudio Monteverdi Vespro della Beata Vergine: Deus in adjutorium John Eliot Gardiner, Monteverdi Choir	Claudio Monteverdi Vespro della Beata Vergine: Deus in adjutorium	Claudio Monteverdi Monteverdi: Vespro della Beata Vergine	Monteverdi Vespers Deus in adjutorium Gardiner	进阶	从复调走向巴洛克的声响规模
classical_atlas_013	01 早期音乐与复调	约 9 世纪-1600	器乐奏鸣曲/铜管合奏	013	否	乔瓦尼·加布里埃利	乔瓦尼·加布里埃利	Giovanni Gabrieli	/dʒoʊˈvɑːni ˌɡæbriˈɛli/	https://en.wikipedia.org/wiki/Giovanni_Gabrieli	Sonata pian e forte	Gabrieli: Music for San Rocco	Philip Jones Brass Ensemble	Gabrieli Sonata pian e forte Philip Jones Brass Ensemble	Giovanni Gabrieli Sonata pian e forte Philip Jones Brass Ensemble	Giovanni Gabrieli Sonata pian e forte	Giovanni Gabrieli Gabrieli: Music for San Rocco	Gabrieli Sonata pian e forte Philip Jones Brass Ensemble	进阶	威尼斯分组合奏和早期动态标记
classical_atlas_014	01 早期音乐与复调	约 9 世纪-1600	牧歌	014	否	卡洛·杰苏阿尔多	卡洛·杰苏阿尔多	Carlo Gesualdo	/ˈkɑːrloʊ ˌdʒɛzuˈɑːldoʊ/	https://en.wikipedia.org/wiki/Carlo_Gesualdo	Moro, lasso	Gesualdo: Tenebrae Responsories	Hilliard Ensemble	Gesualdo Moro lasso Hilliard Ensemble	Carlo Gesualdo Moro, lasso Hilliard Ensemble	Carlo Gesualdo Moro, lasso	Carlo Gesualdo Gesualdo: Tenebrae Responsories	Gesualdo Moro lasso Hilliard Ensemble	进阶	极端半音化，通往后世表现主义的远源
classical_atlas_015	02 巴洛克	约 1600-1750	大协奏曲	015	否	阿尔坎杰洛·科雷利	阿尔坎杰洛·科雷利	Arcangelo Corelli	/ɑːrˈkændʒəloʊ kɔːˈrɛli/	https://en.wikipedia.org/wiki/Arcangelo_Corelli	Concerto Grosso in G Minor, Op. 6 No. 8 "Christmas Concerto"	Corelli: Concerti Grossi Op. 6	Trevor Pinnock, The English Concert	Corelli Christmas Concerto Op 6 No 8 Trevor Pinnock	Arcangelo Corelli Concerto Grosso in G Minor, Op. 6 No. 8 "Christmas Concerto" Trevor Pinnock, The English Concert	Arcangelo Corelli Concerto Grosso in G Minor, Op. 6 No. 8 "Christmas Concerto"	Arcangelo Corelli Corelli: Concerti Grossi Op. 6	Corelli Christmas Concerto Op 6 No 8 Trevor Pinnock	基础	大协奏曲和巴洛克合奏平衡
classical_atlas_016	02 巴洛克	约 1600-1750	标题协奏曲	016	否	安东尼奥·维瓦尔第	安东尼奥·维瓦尔第	Antonio Vivaldi	/ænˈtoʊnioʊ vɪˈvɑːldi/	https://en.wikipedia.org/wiki/Antonio_Vivaldi	The Four Seasons: Spring, I. Allegro	Vivaldi: The Four Seasons	Fabio Biondi, Europa Galante	Vivaldi Spring Fabio Biondi Europa Galante	Antonio Vivaldi The Four Seasons: Spring, I. Allegro Fabio Biondi, Europa Galante	Antonio Vivaldi The Four Seasons: Spring, I. Allegro	Antonio Vivaldi Vivaldi: The Four Seasons	Vivaldi Spring Fabio Biondi Europa Galante	基础	标题协奏曲，听节奏和图像感
classical_atlas_017	02 巴洛克	约 1600-1750	宗教合唱	017	否	安东尼奥·维瓦尔第	安东尼奥·维瓦尔第	Antonio Vivaldi	/ænˈtoʊnioʊ vɪˈvɑːldi/	https://en.wikipedia.org/wiki/Antonio_Vivaldi	Gloria, RV 589: Gloria in excelsis Deo	Vivaldi: Gloria	Robert King, The King's Consort	Vivaldi Gloria RV 589 Robert King King's Consort	Antonio Vivaldi Gloria, RV 589: Gloria in excelsis Deo Robert King, The King's Consort	Antonio Vivaldi Gloria, RV 589: Gloria in excelsis Deo	Antonio Vivaldi Vivaldi: Gloria	Vivaldi Gloria RV 589 Robert King King's Consort	基础	巴洛克宗教合唱的直接光亮
classical_atlas_018	02 巴洛克	约 1600-1750	赞歌	018	否	乔治·弗里德里克·亨德尔	乔治·弗里德里克·亨德尔	George Frideric Handel	/ˈdʒɔːrdʒ ˈfrɪdərɪk ˈhændəl/	https://en.wikipedia.org/wiki/George_Frideric_Handel	Zadok the Priest	Handel: Coronation Anthems	Trevor Pinnock, The English Concert	Handel Zadok the Priest Trevor Pinnock English Concert	George Frideric Handel Zadok the Priest Trevor Pinnock, The English Concert	George Frideric Handel Zadok the Priest	George Frideric Handel Handel: Coronation Anthems	Handel Zadok the Priest Trevor Pinnock English Concert	基础	仪式音乐和公共权力的声音
classical_atlas_019	02 巴洛克	约 1600-1750	清唱剧	019	否	乔治·弗里德里克·亨德尔	乔治·弗里德里克·亨德尔	George Frideric Handel	/ˈdʒɔːrdʒ ˈfrɪdərɪk ˈhændəl/	https://en.wikipedia.org/wiki/George_Frideric_Handel	Messiah: Hallelujah	Handel: Messiah	John Eliot Gardiner, Monteverdi Choir	Handel Messiah Hallelujah Gardiner Monteverdi Choir	George Frideric Handel Messiah: Hallelujah John Eliot Gardiner, Monteverdi Choir	George Frideric Handel Messiah: Hallelujah	George Frideric Handel Handel: Messiah	Handel Messiah Hallelujah Gardiner Monteverdi Choir	基础	英语清唱剧和大众经典
classical_atlas_020	02 巴洛克	约 1600-1750	协奏曲	020	否	约翰·塞巴斯蒂安·巴赫	约翰·塞巴斯蒂安·巴赫	Johann Sebastian Bach	/ˈjoʊhɑːn səˈbæstiən bɑːx/	https://en.wikipedia.org/wiki/Johann_Sebastian_Bach	Brandenburg Concerto No. 3 in G Major, BWV 1048	Bach: Brandenburg Concertos	Trevor Pinnock, The English Concert	Bach Brandenburg Concerto 3 Trevor Pinnock English Concert	Johann Sebastian Bach Brandenburg Concerto No. 3 in G Major, BWV 1048 Trevor Pinnock, The English Concert	Johann Sebastian Bach Brandenburg Concerto No. 3 in G Major, BWV 1048	Johann Sebastian Bach Bach: Brandenburg Concertos	Bach Brandenburg Concerto 3 Trevor Pinnock English Concert	基础	巴洛克协奏曲和声部对话
classical_atlas_021	02 巴洛克	约 1600-1750	独奏组曲	021	否	约翰·塞巴斯蒂安·巴赫	约翰·塞巴斯蒂安·巴赫	Johann Sebastian Bach	/ˈjoʊhɑːn səˈbæstiən bɑːx/	https://en.wikipedia.org/wiki/Johann_Sebastian_Bach	Cello Suite No. 1 in G Major, BWV 1007: Prelude	Bach: Cello Suites	Yo-Yo Ma	Bach Cello Suite 1 Prelude Yo-Yo Ma	Johann Sebastian Bach Cello Suite No. 1 in G Major, BWV 1007: Prelude Yo-Yo Ma	Johann Sebastian Bach Cello Suite No. 1 in G Major, BWV 1007: Prelude	Johann Sebastian Bach Bach: Cello Suites	Bach Cello Suite 1 Prelude Yo-Yo Ma	基础	独奏线条里的隐含和声
classical_atlas_022	02 巴洛克	约 1600-1750	前奏曲与赋格	022	否	约翰·塞巴斯蒂安·巴赫	约翰·塞巴斯蒂安·巴赫	Johann Sebastian Bach	/ˈjoʊhɑːn səˈbæstiən bɑːx/	https://en.wikipedia.org/wiki/Johann_Sebastian_Bach	The Well-Tempered Clavier I, BWV 846: Prelude and Fugue	Bach: Well-Tempered Clavier	András Schiff	Bach Well-Tempered Clavier BWV 846 András Schiff	Johann Sebastian Bach The Well-Tempered Clavier I, BWV 846: Prelude and Fugue András Schiff	Johann Sebastian Bach The Well-Tempered Clavier I, BWV 846: Prelude and Fugue	Johann Sebastian Bach Bach: Well-Tempered Clavier	Bach Well-Tempered Clavier BWV 846 András Schiff	基础	调性系统和赋格入门
classical_atlas_023	02 巴洛克	约 1600-1750	托卡塔与赋格	023	否	约翰·塞巴斯蒂安·巴赫	约翰·塞巴斯蒂安·巴赫	Johann Sebastian Bach	/ˈjoʊhɑːn səˈbæstiən bɑːx/	https://en.wikipedia.org/wiki/Johann_Sebastian_Bach	Toccata and Fugue in D Minor, BWV 565	Bach: Organ Works	Ton Koopman	Bach Toccata Fugue D minor BWV 565 Ton Koopman	Johann Sebastian Bach Toccata and Fugue in D Minor, BWV 565 Ton Koopman	Johann Sebastian Bach Toccata and Fugue in D Minor, BWV 565	Johann Sebastian Bach Bach: Organ Works	Bach Toccata Fugue D minor BWV 565 Ton Koopman	基础	管风琴、戏剧性和大众记忆
classical_atlas_024	02 巴洛克	约 1600-1750	受难曲/咏叹调	024	否	约翰·塞巴斯蒂安·巴赫	约翰·塞巴斯蒂安·巴赫	Johann Sebastian Bach	/ˈjoʊhɑːn səˈbæstiən bɑːx/	https://en.wikipedia.org/wiki/Johann_Sebastian_Bach	St Matthew Passion, BWV 244: Erbarme dich	Bach: St Matthew Passion	John Eliot Gardiner, Anne Sofie von Otter	Bach Erbarme dich Gardiner Anne Sofie von Otter	Johann Sebastian Bach St Matthew Passion, BWV 244: Erbarme dich John Eliot Gardiner, Anne Sofie von Otter	Johann Sebastian Bach St Matthew Passion, BWV 244: Erbarme dich	Johann Sebastian Bach Bach: St Matthew Passion	Bach Erbarme dich Gardiner Anne Sofie von Otter	进阶	宗教戏剧中的咏叹调表达
classical_atlas_025	02 巴洛克	约 1600-1750	变奏曲	025	否	约翰·塞巴斯蒂安·巴赫	约翰·塞巴斯蒂安·巴赫	Johann Sebastian Bach	/ˈjoʊhɑːn səˈbæstiən bɑːx/	https://en.wikipedia.org/wiki/Johann_Sebastian_Bach	Goldberg Variations, BWV 988: Aria	Bach: Goldberg Variations	Glenn Gould	Bach Goldberg Variations Aria Glenn Gould	Johann Sebastian Bach Goldberg Variations, BWV 988: Aria Glenn Gould	Johann Sebastian Bach Goldberg Variations, BWV 988: Aria	Johann Sebastian Bach Bach: Goldberg Variations	Bach Goldberg Variations Aria Glenn Gould	进阶	变奏结构和钢琴录音经典
classical_atlas_026	02 巴洛克	约 1600-1750	键盘奏鸣曲	026	否	多梅尼科·斯卡拉蒂	多梅尼科·斯卡拉蒂	Domenico Scarlatti	/doʊˈmɛnɪkoʊ skɑːrˈlɑːti/	https://en.wikipedia.org/wiki/Domenico_Scarlatti	Keyboard Sonata in D Minor, K. 141	Scarlatti: Keyboard Sonatas	Jean Rondeau	Scarlatti K 141 Jean Rondeau	Domenico Scarlatti Keyboard Sonata in D Minor, K. 141 Jean Rondeau	Domenico Scarlatti Keyboard Sonata in D Minor, K. 141	Domenico Scarlatti Scarlatti: Keyboard Sonatas	Scarlatti K 141 Jean Rondeau	基础	键盘炫技和伊比利亚节奏
classical_atlas_027	02 巴洛克	约 1600-1750	歌剧芭蕾	027	否	让-菲利普·拉莫	让-菲利普·拉莫	Jean-Philippe Rameau	/ˌʒɑːn fɪˈliːp ræˈmoʊ/	https://en.wikipedia.org/wiki/Jean-Philippe_Rameau	Les Indes galantes: Danse du Grand Calumet	Rameau: Les Indes galantes	William Christie, Les Arts Florissants	Rameau Les Indes galantes William Christie	Jean-Philippe Rameau Les Indes galantes: Danse du Grand Calumet William Christie, Les Arts Florissants	Jean-Philippe Rameau Les Indes galantes: Danse du Grand Calumet	Jean-Philippe Rameau Rameau: Les Indes galantes	Rameau Les Indes galantes William Christie	进阶	法国歌剧芭蕾和舞蹈节奏
classical_atlas_028	02 巴洛克	约 1600-1750	歌剧咏叹调	028	否	亨利·珀塞尔	亨利·珀塞尔	Henry Purcell	/ˈhɛnri ˈpɜːrsəl/	https://en.wikipedia.org/wiki/Henry_Purcell	Dido and Aeneas: When I am laid in earth	Purcell: Dido and Aeneas	Christopher Hogwood, Catherine Bott	Purcell Dido's Lament Catherine Bott Hogwood	Henry Purcell Dido and Aeneas: When I am laid in earth Christopher Hogwood, Catherine Bott	Henry Purcell Dido and Aeneas: When I am laid in earth	Henry Purcell Purcell: Dido and Aeneas	Purcell Dido's Lament Catherine Bott Hogwood	基础	低音固定音型和悲剧表达
classical_atlas_029	02 巴洛克	约 1600-1750	协奏曲	029	否	格奥尔格·菲利普·泰勒曼	格奥尔格·菲利普·泰勒曼	Georg Philipp Telemann	/ˈɡeɪɔːrɡ ˈfɪlɪp ˈtɛləmən/	https://en.wikipedia.org/wiki/Georg_Philipp_Telemann	Viola Concerto in G Major: I. Largo	Telemann: Viola Concerto	Tabea Zimmermann, Camerata Bern	Telemann Viola Concerto Tabea Zimmermann	Georg Philipp Telemann Viola Concerto in G Major: I. Largo Tabea Zimmermann, Camerata Bern	Georg Philipp Telemann Viola Concerto in G Major: I. Largo	Georg Philipp Telemann Telemann: Viola Concerto	Telemann Viola Concerto Tabea Zimmermann	进阶	巴洛克协奏曲不只属于小提琴
classical_atlas_030	02 巴洛克	约 1600-1750	键盘小品	030	否	弗朗索瓦·库普兰	弗朗索瓦·库普兰	François Couperin	/frɑːnˈswɑː kuːpəˈræn/	https://en.wikipedia.org/wiki/Fran%C3%A7ois_Couperin	Les Barricades Mystérieuses	Couperin: Pieces de clavecin	Alexandre Tharaud	Couperin Les Barricades Mystérieuses Alexandre Tharaud	François Couperin Les Barricades Mystérieuses Alexandre Tharaud	François Couperin Les Barricades Mystérieuses	François Couperin Couperin: Pieces de clavecin	Couperin Les Barricades Mystérieuses Alexandre Tharaud	进阶	法国键盘装饰和暧昧节奏
classical_atlas_031	02 巴洛克	约 1600-1750	标题器乐	031	否	海因里希·伊格纳茨·弗朗茨·比伯	海因里希·伊格纳茨·弗朗茨·比伯	Heinrich Ignaz Franz Biber	/ˈhaɪnrɪx ˈɪɡnɑːts frɑːnts ˈbiːbər/	https://en.wikipedia.org/wiki/Heinrich_Ignaz_Franz_Biber	Battalia à 10	Biber: Battalia	Reinhard Goebel, Musica Antiqua Köln	Biber Battalia Goebel Musica Antiqua Köln	Heinrich Ignaz Franz Biber Battalia à 10 Reinhard Goebel, Musica Antiqua Köln	Heinrich Ignaz Franz Biber Battalia à 10	Heinrich Ignaz Franz Biber Biber: Battalia	Biber Battalia Goebel Musica Antiqua Köln	进阶	早期标题音乐和特殊奏法
classical_atlas_032	02 巴洛克	约 1600-1750	歌剧/舞曲	032	否	让-巴蒂斯特·吕利	让-巴蒂斯特·吕利	Jean-Baptiste Lully	/ˌʒɑːn bæpˈtiːst luːˈliː/	https://en.wikipedia.org/wiki/Jean-Baptiste_Lully	Armide: Passacaille	Lully: Armide	Christophe Rousset, Les Talens Lyriques	Lully Armide Passacaille Christophe Rousset	Jean-Baptiste Lully Armide: Passacaille Christophe Rousset, Les Talens Lyriques	Jean-Baptiste Lully Armide: Passacaille	Jean-Baptiste Lully Lully: Armide	Lully Armide Passacaille Christophe Rousset	进阶	法国宫廷、舞蹈和歌剧制度
classical_atlas_033	03 古典主义	约 1750-1820	键盘小品	033	否	卡尔·菲利普·埃马努埃尔·巴赫	卡尔·菲利普·埃马努埃尔·巴赫	Carl Philipp Emanuel Bach	/kɑːrl ˈfɪlɪp ɪˈmænjuəl bɑːx/	https://en.wikipedia.org/wiki/Carl_Philipp_Emanuel_Bach	Solfeggietto in C Minor, Wq. 117/2	C.P.E. Bach: Keyboard Works	Miklós Spányi	CPE Bach Solfeggietto Miklos Spanyi	Carl Philipp Emanuel Bach Solfeggietto in C Minor, Wq. 117/2 Miklós Spányi	Carl Philipp Emanuel Bach Solfeggietto in C Minor, Wq. 117/2	Carl Philipp Emanuel Bach C.P.E. Bach: Keyboard Works	CPE Bach Solfeggietto Miklos Spanyi	基础	从巴洛克到古典的情绪化键盘语言
classical_atlas_034	03 古典主义	约 1750-1820	协奏曲	034	否	约瑟夫·海顿	约瑟夫·海顿	Joseph Haydn	/ˈdʒoʊzəf ˈhaɪdən/	https://en.wikipedia.org/wiki/Joseph_Haydn	Trumpet Concerto in E-flat Major: III. Allegro	Haydn: Trumpet Concerto	Håkan Hardenberger, Academy of St Martin in the Fields	Haydn Trumpet Concerto Hardenberger Marriner	Joseph Haydn Trumpet Concerto in E-flat Major: III. Allegro Håkan Hardenberger, Academy of St Martin in the Fields	Joseph Haydn Trumpet Concerto in E-flat Major: III. Allegro	Joseph Haydn Haydn: Trumpet Concerto	Haydn Trumpet Concerto Hardenberger Marriner	基础	新乐器和古典协奏曲的明亮表达
classical_atlas_035	03 古典主义	约 1750-1820	弦乐四重奏	035	否	约瑟夫·海顿	约瑟夫·海顿	Joseph Haydn	/ˈdʒoʊzəf ˈhaɪdən/	https://en.wikipedia.org/wiki/Joseph_Haydn	String Quartet Op. 76 No. 3 "Emperor": II. Poco adagio	Haydn: String Quartets Op. 76	Quatuor Mosaïques	Haydn Emperor Quartet Op 76 No 3 Quatuor Mosaiques	Joseph Haydn String Quartet Op. 76 No. 3 "Emperor": II. Poco adagio Quatuor Mosaïques	Joseph Haydn String Quartet Op. 76 No. 3 "Emperor": II. Poco adagio	Joseph Haydn Haydn: String Quartets Op. 76	Haydn Emperor Quartet Op 76 No 3 Quatuor Mosaiques	基础	弦乐四重奏作为室内对话
classical_atlas_036	03 古典主义	约 1750-1820	交响曲	036	否	约瑟夫·海顿	约瑟夫·海顿	Joseph Haydn	/ˈdʒoʊzəf ˈhaɪdən/	https://en.wikipedia.org/wiki/Joseph_Haydn	Symphony No. 94 "Surprise": II. Andante	Haydn: London Symphonies	Leonard Bernstein, New York Philharmonic	Haydn Surprise Symphony Bernstein New York Philharmonic	Joseph Haydn Symphony No. 94 "Surprise": II. Andante Leonard Bernstein, New York Philharmonic	Joseph Haydn Symphony No. 94 "Surprise": II. Andante	Joseph Haydn Haydn: London Symphonies	Haydn Surprise Symphony Bernstein New York Philharmonic	基础	公共音乐会中的幽默和听众期待
classical_atlas_037	03 古典主义	约 1750-1820	弦乐五重奏/舞曲	037	否	路易吉·博凯里尼	路易吉·博凯里尼	Luigi Boccherini	/luˈiːdʒi ˌbɒkəˈriːni/	https://en.wikipedia.org/wiki/Luigi_Boccherini	String Quintet in E Major, G. 275: Minuet	Boccherini: String Quintets	Europa Galante	Boccherini Minuet G 275 Europa Galante	Luigi Boccherini String Quintet in E Major, G. 275: Minuet Europa Galante	Luigi Boccherini String Quintet in E Major, G. 275: Minuet	Luigi Boccherini Boccherini: String Quintets	Boccherini Minuet G 275 Europa Galante	基础	古典室内乐的优雅舞曲
classical_atlas_038	03 古典主义	约 1750-1820	歌剧/芭蕾场景	038	否	克里斯托夫·维利巴尔德·格鲁克	克里斯托夫·维利巴尔德·格鲁克	Christoph Willibald Gluck	/ˈkrɪstɒf ˈvɪlibɑːld ɡlʊk/	https://en.wikipedia.org/wiki/Christoph_Willibald_Gluck	Orfeo ed Euridice: Dance of the Blessed Spirits	Gluck: Orfeo ed Euridice	John Eliot Gardiner, Orchestre de l'Opéra de Lyon	Gluck Dance of the Blessed Spirits Gardiner	Christoph Willibald Gluck Orfeo ed Euridice: Dance of the Blessed Spirits John Eliot Gardiner, Orchestre de l'Opéra de Lyon	Christoph Willibald Gluck Orfeo ed Euridice: Dance of the Blessed Spirits	Christoph Willibald Gluck Gluck: Orfeo ed Euridice	Gluck Dance of the Blessed Spirits Gardiner	基础	歌剧改革和纯净旋律
classical_atlas_039	03 古典主义	约 1750-1820	小夜曲	039	否	沃尔夫冈·阿马德乌斯·莫扎特	沃尔夫冈·阿马德乌斯·莫扎特	Wolfgang Amadeus Mozart	/ˈwʊlfɡæŋ ˌæməˈdeɪəs ˈmoʊtsɑːrt/	https://en.wikipedia.org/wiki/Wolfgang_Amadeus_Mozart	Eine kleine Nachtmusik, K. 525: I. Allegro	Mozart: Serenades	Academy of St Martin in the Fields, Neville Marriner	Mozart Eine kleine Nachtmusik Marriner Academy St Martin	Wolfgang Amadeus Mozart Eine kleine Nachtmusik, K. 525: I. Allegro Academy of St Martin in the Fields, Neville Marriner	Wolfgang Amadeus Mozart Eine kleine Nachtmusik, K. 525: I. Allegro	Wolfgang Amadeus Mozart Mozart: Serenades	Mozart Eine kleine Nachtmusik Marriner Academy St Martin	基础	小夜曲和古典句法
classical_atlas_040	03 古典主义	约 1750-1820	协奏曲	040	否	沃尔夫冈·阿马德乌斯·莫扎特	沃尔夫冈·阿马德乌斯·莫扎特	Wolfgang Amadeus Mozart	/ˈwʊlfɡæŋ ˌæməˈdeɪəs ˈmoʊtsɑːrt/	https://en.wikipedia.org/wiki/Wolfgang_Amadeus_Mozart	Clarinet Concerto in A Major, K. 622: II. Adagio	Mozart: Clarinet Concerto	Jack Brymer, Neville Marriner	Mozart Clarinet Concerto K 622 Jack Brymer Marriner	Wolfgang Amadeus Mozart Clarinet Concerto in A Major, K. 622: II. Adagio Jack Brymer, Neville Marriner	Wolfgang Amadeus Mozart Clarinet Concerto in A Major, K. 622: II. Adagio	Wolfgang Amadeus Mozart Mozart: Clarinet Concerto	Mozart Clarinet Concerto K 622 Jack Brymer Marriner	基础	木管音色和晚期莫扎特的温柔
classical_atlas_041	03 古典主义	约 1750-1820	协奏曲	041	否	沃尔夫冈·阿马德乌斯·莫扎特	沃尔夫冈·阿马德乌斯·莫扎特	Wolfgang Amadeus Mozart	/ˈwʊlfɡæŋ ˌæməˈdeɪəs ˈmoʊtsɑːrt/	https://en.wikipedia.org/wiki/Wolfgang_Amadeus_Mozart	Piano Concerto No. 21 in C Major, K. 467: II. Andante	Mozart: Piano Concertos	Murray Perahia, English Chamber Orchestra	Mozart Piano Concerto 21 Perahia English Chamber Orchestra	Wolfgang Amadeus Mozart Piano Concerto No. 21 in C Major, K. 467: II. Andante Murray Perahia, English Chamber Orchestra	Wolfgang Amadeus Mozart Piano Concerto No. 21 in C Major, K. 467: II. Andante	Wolfgang Amadeus Mozart Mozart: Piano Concertos	Mozart Piano Concerto 21 Perahia English Chamber Orchestra	基础	协奏曲里的歌唱性
classical_atlas_042	03 古典主义	约 1750-1820	歌剧咏叹调	042	否	沃尔夫冈·阿马德乌斯·莫扎特	沃尔夫冈·阿马德乌斯·莫扎特	Wolfgang Amadeus Mozart	/ˈwʊlfɡæŋ ˌæməˈdeɪəs ˈmoʊtsɑːrt/	https://en.wikipedia.org/wiki/Wolfgang_Amadeus_Mozart	Die Zauberflöte: Der Hölle Rache	Mozart: Die Zauberflöte	Georg Solti, Sumi Jo	Mozart Queen of the Night Sumi Jo Solti	Wolfgang Amadeus Mozart Die Zauberflöte: Der Hölle Rache Georg Solti, Sumi Jo	Wolfgang Amadeus Mozart Die Zauberflöte: Der Hölle Rache	Wolfgang Amadeus Mozart Mozart: Die Zauberflöte	Mozart Queen of the Night Sumi Jo Solti	基础	歌剧咏叹调和声乐炫技
classical_atlas_043	03 古典主义	约 1750-1820	安魂曲	043	否	沃尔夫冈·阿马德乌斯·莫扎特	沃尔夫冈·阿马德乌斯·莫扎特	Wolfgang Amadeus Mozart	/ˈwʊlfɡæŋ ˌæməˈdeɪəs ˈmoʊtsɑːrt/	https://en.wikipedia.org/wiki/Wolfgang_Amadeus_Mozart	Requiem, K. 626: Lacrimosa	Mozart: Requiem	John Eliot Gardiner, Monteverdi Choir	Mozart Requiem Lacrimosa Gardiner	Wolfgang Amadeus Mozart Requiem, K. 626: Lacrimosa John Eliot Gardiner, Monteverdi Choir	Wolfgang Amadeus Mozart Requiem, K. 626: Lacrimosa	Wolfgang Amadeus Mozart Mozart: Requiem	Mozart Requiem Lacrimosa Gardiner	基础	宗教作品与戏剧强度
classical_atlas_044	03 古典主义	约 1750-1820	交响曲	044	否	沃尔夫冈·阿马德乌斯·莫扎特	沃尔夫冈·阿马德乌斯·莫扎特	Wolfgang Amadeus Mozart	/ˈwʊlfɡæŋ ˌæməˈdeɪəs ˈmoʊtsɑːrt/	https://en.wikipedia.org/wiki/Wolfgang_Amadeus_Mozart	Symphony No. 40 in G Minor, K. 550: I. Molto allegro	Mozart: Symphonies 40 and 41	Nikolaus Harnoncourt, Royal Concertgebouw Orchestra	Mozart Symphony 40 Harnoncourt Concertgebouw	Wolfgang Amadeus Mozart Symphony No. 40 in G Minor, K. 550: I. Molto allegro Nikolaus Harnoncourt, Royal Concertgebouw Orchestra	Wolfgang Amadeus Mozart Symphony No. 40 in G Minor, K. 550: I. Molto allegro	Wolfgang Amadeus Mozart Mozart: Symphonies 40 and 41	Mozart Symphony 40 Harnoncourt Concertgebouw	进阶	古典形式中的不安情绪
classical_atlas_045	03 古典主义	约 1750-1820	钢琴奏鸣曲	045	否	路德维希·范·贝多芬	路德维希·范·贝多芬	Ludwig van Beethoven	/ˈlʊdvɪɡ væn ˈbeɪtoʊvən/	https://en.wikipedia.org/wiki/Ludwig_van_Beethoven	Piano Sonata No. 8 "Pathétique": II. Adagio cantabile	Beethoven: Piano Sonatas	Daniel Barenboim	Beethoven Pathetique Sonata Adagio Barenboim	Ludwig van Beethoven Piano Sonata No. 8 "Pathétique": II. Adagio cantabile Daniel Barenboim	Ludwig van Beethoven Piano Sonata No. 8 "Pathétique": II. Adagio cantabile	Ludwig van Beethoven Beethoven: Piano Sonatas	Beethoven Pathetique Sonata Adagio Barenboim	基础	贝多芬早期钢琴抒情
classical_atlas_046	03 古典主义	约 1750-1820	交响曲	046	否	路德维希·范·贝多芬	路德维希·范·贝多芬	Ludwig van Beethoven	/ˈlʊdvɪɡ væn ˈbeɪtoʊvən/	https://en.wikipedia.org/wiki/Ludwig_van_Beethoven	Symphony No. 3 "Eroica": I. Allegro con brio	Beethoven: Symphonies 1-9	Herbert von Karajan, Berliner Philharmoniker	Beethoven Eroica Karajan Berlin Philharmonic	Ludwig van Beethoven Symphony No. 3 "Eroica": I. Allegro con brio Herbert von Karajan, Berliner Philharmoniker	Ludwig van Beethoven Symphony No. 3 "Eroica": I. Allegro con brio	Ludwig van Beethoven Beethoven: Symphonies 1-9	Beethoven Eroica Karajan Berlin Philharmonic	进阶	交响曲规模和英雄叙事扩张
classical_atlas_047	03 古典主义	约 1750-1820	交响曲	047	否	路德维希·范·贝多芬	路德维希·范·贝多芬	Ludwig van Beethoven	/ˈlʊdvɪɡ væn ˈbeɪtoʊvən/	https://en.wikipedia.org/wiki/Ludwig_van_Beethoven	Symphony No. 5 in C Minor, Op. 67: I. Allegro con brio	Beethoven: Symphonies Nos. 5 and 7	Carlos Kleiber, Vienna Philharmonic	Beethoven Symphony 5 Kleiber Vienna Philharmonic	Ludwig van Beethoven Symphony No. 5 in C Minor, Op. 67: I. Allegro con brio Carlos Kleiber, Vienna Philharmonic	Ludwig van Beethoven Symphony No. 5 in C Minor, Op. 67: I. Allegro con brio	Ludwig van Beethoven Beethoven: Symphonies Nos. 5 and 7	Beethoven Symphony 5 Kleiber Vienna Philharmonic	基础	动机发展和版本比较核心曲目
classical_atlas_048	03 古典主义	约 1750-1820	协奏曲	048	否	路德维希·范·贝多芬	路德维希·范·贝多芬	Ludwig van Beethoven	/ˈlʊdvɪɡ væn ˈbeɪtoʊvən/	https://en.wikipedia.org/wiki/Ludwig_van_Beethoven	Piano Concerto No. 4 in G Major, Op. 58: I. Allegro moderato	Beethoven: Piano Concertos	Leif Ove Andsnes, Mahler Chamber Orchestra	Beethoven Piano Concerto 4 Andsnes Mahler Chamber Orchestra	Ludwig van Beethoven Piano Concerto No. 4 in G Major, Op. 58: I. Allegro moderato Leif Ove Andsnes, Mahler Chamber Orchestra	Ludwig van Beethoven Piano Concerto No. 4 in G Major, Op. 58: I. Allegro moderato	Ludwig van Beethoven Beethoven: Piano Concertos	Beethoven Piano Concerto 4 Andsnes Mahler Chamber Orchestra	进阶	独奏者先开口的协奏曲对话
classical_atlas_049	03 古典主义	约 1750-1820	协奏曲	049	否	路德维希·范·贝多芬	路德维希·范·贝多芬	Ludwig van Beethoven	/ˈlʊdvɪɡ væn ˈbeɪtoʊvən/	https://en.wikipedia.org/wiki/Ludwig_van_Beethoven	Violin Concerto in D Major, Op. 61: I. Allegro ma non troppo	Beethoven: Violin Concerto	Jascha Heifetz, Charles Munch, Boston Symphony	Beethoven Violin Concerto Heifetz Munch Boston	Ludwig van Beethoven Violin Concerto in D Major, Op. 61: I. Allegro ma non troppo Jascha Heifetz, Charles Munch, Boston Symphony	Ludwig van Beethoven Violin Concerto in D Major, Op. 61: I. Allegro ma non troppo	Ludwig van Beethoven Beethoven: Violin Concerto	Beethoven Violin Concerto Heifetz Munch Boston	进阶	古典协奏曲的长线呼吸
classical_atlas_050	03 古典主义	约 1750-1820	协奏曲	050	否	约翰·内波穆克·胡梅尔	约翰·内波穆克·胡梅尔	Johann Nepomuk Hummel	/ˈjoʊhɑːn nəˈpoʊmʊk ˈhʊməl/	https://en.wikipedia.org/wiki/Johann_Nepomuk_Hummel	Trumpet Concerto in E Major: III. Rondo	Hummel: Trumpet Concerto	Alison Balsom, Bremen German Chamber Philharmonic	Hummel Trumpet Concerto Alison Balsom	Johann Nepomuk Hummel Trumpet Concerto in E Major: III. Rondo Alison Balsom, Bremen German Chamber Philharmonic	Johann Nepomuk Hummel Trumpet Concerto in E Major: III. Rondo	Johann Nepomuk Hummel Hummel: Trumpet Concerto	Hummel Trumpet Concerto Alison Balsom	进阶	古典末期的炫技和乐器发展
classical_atlas_051	04 浪漫主义与民族风格	约 1810-1910	交响曲	051	否	弗朗茨·舒伯特	弗朗茨·舒伯特	Franz Schubert	/frɑːnts ˈʃuːbərt/	https://en.wikipedia.org/wiki/Franz_Schubert	Symphony No. 8 "Unfinished": I. Allegro moderato	Schubert: Symphony No. 8	Carlos Kleiber, Vienna Philharmonic	Schubert Unfinished Symphony Kleiber Vienna Philharmonic	Franz Schubert Symphony No. 8 "Unfinished": I. Allegro moderato Carlos Kleiber, Vienna Philharmonic	Franz Schubert Symphony No. 8 "Unfinished": I. Allegro moderato	Franz Schubert Schubert: Symphony No. 8	Schubert Unfinished Symphony Kleiber Vienna Philharmonic	基础	浪漫主义阴影和歌唱性旋律
classical_atlas_052	04 浪漫主义与民族风格	约 1810-1910	艺术歌曲	052	否	弗朗茨·舒伯特	弗朗茨·舒伯特	Franz Schubert	/frɑːnts ˈʃuːbərt/	https://en.wikipedia.org/wiki/Franz_Schubert	Erlkönig, D. 328	Schubert: Lieder	Dietrich Fischer-Dieskau, Gerald Moore	Schubert Erlkönig Fischer-Dieskau Gerald Moore	Franz Schubert Erlkönig, D. 328 Dietrich Fischer-Dieskau, Gerald Moore	Franz Schubert Erlkönig, D. 328	Franz Schubert Schubert: Lieder	Schubert Erlkönig Fischer-Dieskau Gerald Moore	基础	艺术歌曲里的戏剧角色
classical_atlas_053	04 浪漫主义与民族风格	约 1810-1910	音乐会序曲/戏剧配乐	053	否	费利克斯·门德尔松	费利克斯·门德尔松	Felix Mendelssohn	/ˈfiːlɪks ˈmɛndəlsoʊn/	https://en.wikipedia.org/wiki/Felix_Mendelssohn	A Midsummer Night's Dream: Overture	Mendelssohn: A Midsummer Night's Dream	Claudio Abbado, London Symphony Orchestra	Mendelssohn Midsummer Night's Dream Overture Abbado	Felix Mendelssohn A Midsummer Night's Dream: Overture Claudio Abbado, London Symphony Orchestra	Felix Mendelssohn A Midsummer Night's Dream: Overture	Felix Mendelssohn Mendelssohn: A Midsummer Night's Dream	Mendelssohn Midsummer Night's Dream Overture Abbado	基础	文学、轻盈管弦乐和标题音乐
classical_atlas_054	04 浪漫主义与民族风格	约 1810-1910	标题交响曲	054	否	埃克托·柏辽兹	埃克托·柏辽兹	Hector Berlioz	/ˈhɛktər ˈbɛərlioʊz/	https://en.wikipedia.org/wiki/Hector_Berlioz	Symphonie fantastique: IV. March to the Scaffold	Berlioz: Symphonie fantastique	Colin Davis, London Symphony Orchestra	Berlioz Symphonie fantastique Colin Davis LSO	Hector Berlioz Symphonie fantastique: IV. March to the Scaffold Colin Davis, London Symphony Orchestra	Hector Berlioz Symphonie fantastique: IV. March to the Scaffold	Hector Berlioz Berlioz: Symphonie fantastique	Berlioz Symphonie fantastique Colin Davis LSO	进阶	标题交响曲和固定乐思
classical_atlas_055	04 浪漫主义与民族风格	约 1810-1910	钢琴小品	055	否	罗伯特·舒曼	罗伯特·舒曼	Robert Schumann	/ˈroʊbərt ˈʃuːmɑːn/	https://en.wikipedia.org/wiki/Robert_Schumann	Kinderszenen, Op. 15: Träumerei	Schumann: Kinderszenen	Vladimir Horowitz	Schumann Träumerei Horowitz Kinderszenen	Robert Schumann Kinderszenen, Op. 15: Träumerei Vladimir Horowitz	Robert Schumann Kinderszenen, Op. 15: Träumerei	Robert Schumann Schumann: Kinderszenen	Schumann Träumerei Horowitz Kinderszenen	基础	钢琴小品里的内心叙事
classical_atlas_056	04 浪漫主义与民族风格	约 1810-1910	协奏曲	056	否	克拉拉·舒曼	克拉拉·舒曼	Clara Schumann	/ˈklɑːrə ˈʃuːmɑːn/	https://en.wikipedia.org/wiki/Clara_Schumann	Piano Concerto in A Minor, Op. 7: I. Allegro maestoso	Clara Schumann: Piano Concerto	Isata Kanneh-Mason, Royal Liverpool Philharmonic	Clara Schumann Piano Concerto Isata Kanneh-Mason	Clara Schumann Piano Concerto in A Minor, Op. 7: I. Allegro maestoso Isata Kanneh-Mason, Royal Liverpool Philharmonic	Clara Schumann Piano Concerto in A Minor, Op. 7: I. Allegro maestoso	Clara Schumann Clara Schumann: Piano Concerto	Clara Schumann Piano Concerto Isata Kanneh-Mason	进阶	女性作曲家和浪漫主义协奏曲
classical_atlas_057	04 浪漫主义与民族风格	约 1810-1910	夜曲	057	否	弗雷德里克·肖邦	弗雷德里克·肖邦	Frédéric Chopin	/ˈfreɪdərɪk ˈʃoʊpæn/	https://en.wikipedia.org/wiki/Fr%C3%A9d%C3%A9ric_Chopin	Nocturne in E-flat Major, Op. 9 No. 2	Chopin: Nocturnes	Arthur Rubinstein	Chopin Nocturne Op 9 No 2 Rubinstein	Frédéric Chopin Nocturne in E-flat Major, Op. 9 No. 2 Arthur Rubinstein	Frédéric Chopin Nocturne in E-flat Major, Op. 9 No. 2	Frédéric Chopin Chopin: Nocturnes	Chopin Nocturne Op 9 No 2 Rubinstein	基础	钢琴歌唱性和装饰音
classical_atlas_058	04 浪漫主义与民族风格	约 1810-1910	练习曲	058	否	弗雷德里克·肖邦	弗雷德里克·肖邦	Frédéric Chopin	/ˈfreɪdərɪk ˈʃoʊpæn/	https://en.wikipedia.org/wiki/Fr%C3%A9d%C3%A9ric_Chopin	Etude in C Minor, Op. 10 No. 12 "Revolutionary"	Chopin: Etudes	Maurizio Pollini	Chopin Revolutionary Etude Pollini Op 10 No 12	Frédéric Chopin Etude in C Minor, Op. 10 No. 12 "Revolutionary" Maurizio Pollini	Frédéric Chopin Etude in C Minor, Op. 10 No. 12 "Revolutionary"	Frédéric Chopin Chopin: Etudes	Chopin Revolutionary Etude Pollini Op 10 No 12	进阶	技术练习变成政治和情绪爆发
classical_atlas_059	04 浪漫主义与民族风格	约 1810-1910	钢琴小品	059	否	弗朗茨·李斯特	弗朗茨·李斯特	Franz Liszt	/frɑːnts lɪst/	https://en.wikipedia.org/wiki/Franz_Liszt	Liebestraum No. 3	Liszt: Piano Works	Claudio Arrau	Liszt Liebestraum No 3 Claudio Arrau	Franz Liszt Liebestraum No. 3 Claudio Arrau	Franz Liszt Liebestraum No. 3	Franz Liszt Liszt: Piano Works	Liszt Liebestraum No 3 Claudio Arrau	基础	炫技和抒情的舞台化
classical_atlas_060	04 浪漫主义与民族风格	约 1810-1910	乐剧/歌剧前奏曲	060	否	理查德·瓦格纳	理查德·瓦格纳	Richard Wagner	/ˈrɪtʃərd ˈvɑːɡnər/	https://en.wikipedia.org/wiki/Richard_Wagner	Tristan und Isolde: Prelude	Wagner: Tristan und Isolde	Wilhelm Furtwängler, Philharmonia Orchestra	Wagner Tristan Prelude Furtwängler Philharmonia	Richard Wagner Tristan und Isolde: Prelude Wilhelm Furtwängler, Philharmonia Orchestra	Richard Wagner Tristan und Isolde: Prelude	Richard Wagner Wagner: Tristan und Isolde	Wagner Tristan Prelude Furtwängler Philharmonia	进阶	和声悬置与电影配乐远源
classical_atlas_061	04 浪漫主义与民族风格	约 1810-1910	歌剧咏叹调/合唱	061	否	朱塞佩·威尔第	朱塞佩·威尔第	Giuseppe Verdi	/dʒuːˈsɛpi ˈvɛərdi/	https://en.wikipedia.org/wiki/Giuseppe_Verdi	La traviata: Libiamo ne' lieti calici	Verdi: La traviata	Carlos Kleiber, Bavarian State Opera	Verdi La traviata Brindisi Carlos Kleiber	Giuseppe Verdi La traviata: Libiamo ne' lieti calici Carlos Kleiber, Bavarian State Opera	Giuseppe Verdi La traviata: Libiamo ne' lieti calici	Giuseppe Verdi Verdi: La traviata	Verdi La traviata Brindisi Carlos Kleiber	基础	意大利歌剧和大众剧场
classical_atlas_062	04 浪漫主义与民族风格	约 1810-1910	歌剧咏叹调	062	否	贾科莫·普契尼	贾科莫·普契尼	Giacomo Puccini	/ˈdʒɑːkəmoʊ puːˈtʃiːni/	https://en.wikipedia.org/wiki/Giacomo_Puccini	La bohème: Che gelida manina	Puccini: La bohème	Herbert von Karajan, Luciano Pavarotti	Puccini La bohème Che gelida manina Pavarotti Karajan	Giacomo Puccini La bohème: Che gelida manina Herbert von Karajan, Luciano Pavarotti	Giacomo Puccini La bohème: Che gelida manina	Giacomo Puccini Puccini: La bohème	Puccini La bohème Che gelida manina Pavarotti Karajan	基础	真实主义歌剧和旋律传播
classical_atlas_063	04 浪漫主义与民族风格	约 1810-1910	交响曲	063	否	约翰内斯·勃拉姆斯	约翰内斯·勃拉姆斯	Johannes Brahms	/joʊˈhɑːnəs brɑːmz/	https://en.wikipedia.org/wiki/Johannes_Brahms	Symphony No. 3 in F Major, Op. 90: III. Poco allegretto	Brahms: Symphony No. 3	Claudio Abbado, Berliner Philharmoniker	Brahms Symphony 3 Abbado Berlin Poco allegretto	Johannes Brahms Symphony No. 3 in F Major, Op. 90: III. Poco allegretto Claudio Abbado, Berliner Philharmoniker	Johannes Brahms Symphony No. 3 in F Major, Op. 90: III. Poco allegretto	Johannes Brahms Brahms: Symphony No. 3	Brahms Symphony 3 Abbado Berlin Poco allegretto	基础	古典结构里的浪漫抒情
classical_atlas_064	04 浪漫主义与民族风格	约 1810-1910	协奏曲	064	否	约翰内斯·勃拉姆斯	约翰内斯·勃拉姆斯	Johannes Brahms	/joʊˈhɑːnəs brɑːmz/	https://en.wikipedia.org/wiki/Johannes_Brahms	Violin Concerto in D Major, Op. 77: III. Allegro giocoso	Brahms: Violin Concerto	Jascha Heifetz, Fritz Reiner	Brahms Violin Concerto Heifetz Reiner	Johannes Brahms Violin Concerto in D Major, Op. 77: III. Allegro giocoso Jascha Heifetz, Fritz Reiner	Johannes Brahms Violin Concerto in D Major, Op. 77: III. Allegro giocoso	Johannes Brahms Brahms: Violin Concerto	Brahms Violin Concerto Heifetz Reiner	进阶	协奏曲、舞曲和厚重乐队
classical_atlas_065	04 浪漫主义与民族风格	约 1810-1910	芭蕾	065	否	彼得·伊里奇·柴可夫斯基	彼得·伊里奇·柴可夫斯基	Pyotr Ilyich Tchaikovsky	/ˈpjɔːtər ɪlˈjiːtʃ tʃaɪˈkɒfski/	https://en.wikipedia.org/wiki/Pyotr_Ilyich_Tchaikovsky	Swan Lake, Op. 20: Scene	Tchaikovsky: Swan Lake	André Previn, London Symphony Orchestra	Tchaikovsky Swan Lake Scene Previn LSO	Pyotr Ilyich Tchaikovsky Swan Lake, Op. 20: Scene André Previn, London Symphony Orchestra	Pyotr Ilyich Tchaikovsky Swan Lake, Op. 20: Scene	Pyotr Ilyich Tchaikovsky Tchaikovsky: Swan Lake	Tchaikovsky Swan Lake Scene Previn LSO	基础	芭蕾主题和大众旋律
classical_atlas_066	04 浪漫主义与民族风格	约 1810-1910	交响曲	066	否	彼得·伊里奇·柴可夫斯基	彼得·伊里奇·柴可夫斯基	Pyotr Ilyich Tchaikovsky	/ˈpjɔːtər ɪlˈjiːtʃ tʃaɪˈkɒfski/	https://en.wikipedia.org/wiki/Pyotr_Ilyich_Tchaikovsky	Symphony No. 6 "Pathétique": IV. Adagio lamentoso	Tchaikovsky: Symphony No. 6	Evgeny Mravinsky, Leningrad Philharmonic	Tchaikovsky Pathetique Mravinsky Leningrad	Pyotr Ilyich Tchaikovsky Symphony No. 6 "Pathétique": IV. Adagio lamentoso Evgeny Mravinsky, Leningrad Philharmonic	Pyotr Ilyich Tchaikovsky Symphony No. 6 "Pathétique": IV. Adagio lamentoso	Pyotr Ilyich Tchaikovsky Tchaikovsky: Symphony No. 6	Tchaikovsky Pathetique Mravinsky Leningrad	进阶	交响曲以慢乐章结束的悲剧结构
classical_atlas_067	04 浪漫主义与民族风格	约 1810-1910	交响曲	067	否	安东宁·德沃夏克	安东宁·德沃夏克	Antonín Dvořák	/ænˈtoʊniːn dəˈvɔːrʒɑːk/	https://en.wikipedia.org/wiki/Anton%C3%ADn_Dvo%C5%99%C3%A1k	Symphony No. 9 "From the New World": II. Largo	Dvořák: Symphony No. 9	István Kertész, London Symphony Orchestra	Dvorak New World Symphony Kertesz LSO Largo	Antonín Dvořák Symphony No. 9 "From the New World": II. Largo István Kertész, London Symphony Orchestra	Antonín Dvořák Symphony No. 9 "From the New World": II. Largo	Antonín Dvořák Dvořák: Symphony No. 9	Dvorak New World Symphony Kertesz LSO Largo	基础	民族风格、美国想象和旋律记忆
classical_atlas_068	04 浪漫主义与民族风格	约 1810-1910	交响诗	068	否	贝德日赫·斯美塔那	贝德日赫·斯美塔那	Bedřich Smetana	/ˈbɛdrɪx smɛˈtɑːnə/	https://en.wikipedia.org/wiki/Bed%C5%99ich_Smetana	Má vlast: Vltava	Smetana: Má vlast	Rafael Kubelík, Czech Philharmonic	Smetana Vltava Moldau Kubelik Czech Philharmonic	Bedřich Smetana Má vlast: Vltava Rafael Kubelík, Czech Philharmonic	Bedřich Smetana Má vlast: Vltava	Bedřich Smetana Smetana: Má vlast	Smetana Vltava Moldau Kubelik Czech Philharmonic	基础	民族河流、风景和管弦叙事
classical_atlas_069	04 浪漫主义与民族风格	约 1810-1910	戏剧配乐/组曲	069	否	爱德华·格里格	爱德华·格里格	Edvard Grieg	/ˈɛdvɑːrd ɡriːɡ/	https://en.wikipedia.org/wiki/Edvard_Grieg	Peer Gynt Suite No. 1: Morning Mood	Grieg: Peer Gynt	Herbert von Karajan, Berliner Philharmoniker	Grieg Morning Mood Karajan Berlin Philharmonic	Edvard Grieg Peer Gynt Suite No. 1: Morning Mood Herbert von Karajan, Berliner Philharmoniker	Edvard Grieg Peer Gynt Suite No. 1: Morning Mood	Edvard Grieg Grieg: Peer Gynt	Grieg Morning Mood Karajan Berlin Philharmonic	基础	戏剧配乐变成音乐会经典
classical_atlas_070	04 浪漫主义与民族风格	约 1810-1910	钢琴组曲/管弦改编	070	否	莫杰斯特·穆索尔斯基	莫杰斯特·穆索尔斯基	Modest Mussorgsky	/ˈmoʊdɛst mʊˈsɔːrɡski/	https://en.wikipedia.org/wiki/Modest_Mussorgsky	Pictures at an Exhibition: The Great Gate of Kiev	Mussorgsky/Ravel: Pictures at an Exhibition	Georg Solti, Chicago Symphony Orchestra	Mussorgsky Pictures Great Gate Kiev Solti Chicago	Modest Mussorgsky Pictures at an Exhibition: The Great Gate of Kiev Georg Solti, Chicago Symphony Orchestra	Modest Mussorgsky Pictures at an Exhibition: The Great Gate of Kiev	Modest Mussorgsky Mussorgsky/Ravel: Pictures at an Exhibition	Mussorgsky Pictures Great Gate Kiev Solti Chicago	基础	钢琴作品经配器进入管弦经典
classical_atlas_071	04 浪漫主义与民族风格	约 1810-1910	交响组曲	071	否	尼古拉·里姆斯基-科萨科夫	尼古拉·里姆斯基-科萨科夫	Nikolai Rimsky-Korsakov	/ˈnɪkəlaɪ ˈrɪmski ˈkɔːrsəkɒf/	https://en.wikipedia.org/wiki/Nikolai_Rimsky-Korsakov	Scheherazade: I. The Sea and Sinbad's Ship	Rimsky-Korsakov: Scheherazade	Fritz Reiner, Chicago Symphony Orchestra	Rimsky-Korsakov Scheherazade Reiner Chicago	Nikolai Rimsky-Korsakov Scheherazade: I. The Sea and Sinbad's Ship Fritz Reiner, Chicago Symphony Orchestra	Nikolai Rimsky-Korsakov Scheherazade: I. The Sea and Sinbad's Ship	Nikolai Rimsky-Korsakov Rimsky-Korsakov: Scheherazade	Rimsky-Korsakov Scheherazade Reiner Chicago	进阶	东方主义、独奏小提琴和配器色彩
classical_atlas_072	04 浪漫主义与民族风格	约 1810-1910	交响曲	072	否	古斯塔夫·马勒	古斯塔夫·马勒	Gustav Mahler	/ˈɡʊstɑːv ˈmɑːlər/	https://en.wikipedia.org/wiki/Gustav_Mahler	Symphony No. 1: III. Feierlich und gemessen	Mahler: Symphony No. 1	Leonard Bernstein, Royal Concertgebouw Orchestra	Mahler Symphony 1 Bernstein Concertgebouw	Gustav Mahler Symphony No. 1: III. Feierlich und gemessen Leonard Bernstein, Royal Concertgebouw Orchestra	Gustav Mahler Symphony No. 1: III. Feierlich und gemessen	Gustav Mahler Mahler: Symphony No. 1	Mahler Symphony 1 Bernstein Concertgebouw	进阶	通俗曲调、讽刺和巨型交响思维
classical_atlas_073	05 现代主义开端	约 1890-1918	交响诗/前奏曲	073	是	克洛德·德彪西	克洛德·德彪西	Claude Debussy	/klɔːd dəˈbjuːsi/	https://en.wikipedia.org/wiki/Claude_Debussy	Prélude à l'après-midi d'un faune	Debussy: Orchestral Works	Pierre Boulez, Cleveland Orchestra	Debussy Prelude afternoon of a faun Boulez Cleveland	Claude Debussy Prélude à l'après-midi d'un faune Pierre Boulez, Cleveland Orchestra	Claude Debussy Prélude à l'après-midi d'un faune	Claude Debussy Debussy: Orchestral Works	Debussy Prelude afternoon of a faun Boulez Cleveland	基础	印象主义色彩和现代管弦开端
classical_atlas_074	05 现代主义开端	约 1890-1918	交响素描	074	是	克洛德·德彪西	克洛德·德彪西	Claude Debussy	/klɔːd dəˈbjuːsi/	https://en.wikipedia.org/wiki/Claude_Debussy	La mer: I. De l'aube à midi sur la mer	Debussy: La mer	Claudio Abbado, Lucerne Festival Orchestra	Debussy La mer Abbado Lucerne	Claude Debussy La mer: I. De l'aube à midi sur la mer Claudio Abbado, Lucerne Festival Orchestra	Claude Debussy La mer: I. De l'aube à midi sur la mer	Claude Debussy Debussy: La mer	Debussy La mer Abbado Lucerne	进阶	海的流动和非传统交响结构
classical_atlas_075	05 现代主义开端	约 1890-1918	钢琴小品	075	是	克洛德·德彪西	克洛德·德彪西	Claude Debussy	/klɔːd dəˈbjuːsi/	https://en.wikipedia.org/wiki/Claude_Debussy	Images, Book I: Reflets dans l'eau	Debussy: Images	Arturo Benedetti Michelangeli	Debussy Reflets dans l'eau Michelangeli	Claude Debussy Images, Book I: Reflets dans l'eau Arturo Benedetti Michelangeli	Claude Debussy Images, Book I: Reflets dans l'eau	Claude Debussy Debussy: Images	Debussy Reflets dans l'eau Michelangeli	进阶	钢琴音色从敲击变成光影
classical_atlas_076	05 现代主义开端	约 1890-1918	钢琴小品/帕凡舞曲	076	是	莫里斯·拉威尔	莫里斯·拉威尔	Maurice Ravel	/mɔːˈriːs rəˈvɛl/	https://en.wikipedia.org/wiki/Maurice_Ravel	Pavane pour une infante défunte	Ravel: Piano Works	Alexandre Tharaud	Ravel Pavane pour une infante défunte Tharaud	Maurice Ravel Pavane pour une infante défunte Alexandre Tharaud	Maurice Ravel Pavane pour une infante défunte	Maurice Ravel Ravel: Piano Works	Ravel Pavane pour une infante défunte Tharaud	基础	古典姿态和现代和声
classical_atlas_077	05 现代主义开端	约 1890-1918	芭蕾组曲	077	是	莫里斯·拉威尔	莫里斯·拉威尔	Maurice Ravel	/mɔːˈriːs rəˈvɛl/	https://en.wikipedia.org/wiki/Maurice_Ravel	Daphnis et Chloé Suite No. 2: Lever du jour	Ravel: Daphnis et Chloé	Pierre Monteux, London Symphony Orchestra	Ravel Daphnis Chloe Lever du jour Monteux LSO	Maurice Ravel Daphnis et Chloé Suite No. 2: Lever du jour Pierre Monteux, London Symphony Orchestra	Maurice Ravel Daphnis et Chloé Suite No. 2: Lever du jour	Maurice Ravel Ravel: Daphnis et Chloé	Ravel Daphnis Chloe Lever du jour Monteux LSO	进阶	管弦乐色彩的精密巅峰
classical_atlas_078	05 现代主义开端	约 1890-1918	管弦乐曲/舞曲	078	是	莫里斯·拉威尔	莫里斯·拉威尔	Maurice Ravel	/mɔːˈriːs rəˈvɛl/	https://en.wikipedia.org/wiki/Maurice_Ravel	Boléro	Ravel: Boléro	Claudio Abbado, London Symphony Orchestra	Ravel Bolero Abbado London Symphony	Maurice Ravel Boléro Claudio Abbado, London Symphony Orchestra	Maurice Ravel Boléro	Maurice Ravel Ravel: Boléro	Ravel Bolero Abbado London Symphony	基础	重复、配器和渐强的实验
classical_atlas_079	05 现代主义开端	约 1890-1918	芭蕾	079	是	埃里克·萨蒂	埃里克·萨蒂	Erik Satie	/ˈɛrɪk sæˈtiː/	https://en.wikipedia.org/wiki/Erik_Satie	Parade: Ragtime du paquebot	Satie: Parade	Louis Frémaux, City of Birmingham Symphony Orchestra	Satie Parade Ragtime du paquebot Fremaux	Erik Satie Parade: Ragtime du paquebot Louis Frémaux, City of Birmingham Symphony Orchestra	Erik Satie Parade: Ragtime du paquebot	Erik Satie Satie: Parade	Satie Parade Ragtime du paquebot Fremaux	进阶	反浪漫姿态、都市声音和新古典远源
classical_atlas_080	05 现代主义开端	约 1890-1918	交响曲	080	是	古斯塔夫·马勒	古斯塔夫·马勒	Gustav Mahler	/ˈɡʊstɑːv ˈmɑːlər/	https://en.wikipedia.org/wiki/Gustav_Mahler	Symphony No. 9: IV. Adagio	Mahler: Symphony No. 9	Claudio Abbado, Berliner Philharmoniker	Mahler Symphony 9 Adagio Abbado Berlin	Gustav Mahler Symphony No. 9: IV. Adagio Claudio Abbado, Berliner Philharmoniker	Gustav Mahler Symphony No. 9: IV. Adagio	Gustav Mahler Mahler: Symphony No. 9	Mahler Symphony 9 Adagio Abbado Berlin	进阶	晚期浪漫主义走向现代断裂
classical_atlas_081	05 现代主义开端	约 1890-1918	歌剧场景/舞曲	081	是	理查德·施特劳斯	理查德·施特劳斯	Richard Strauss	/ˈrɪtʃərd straʊs/	https://en.wikipedia.org/wiki/Richard_Strauss	Salome: Dance of the Seven Veils	Strauss: Salome	Georg Solti, Vienna Philharmonic	Strauss Salome Dance Seven Veils Solti Vienna	Richard Strauss Salome: Dance of the Seven Veils Georg Solti, Vienna Philharmonic	Richard Strauss Salome: Dance of the Seven Veils	Richard Strauss Strauss: Salome	Strauss Salome Dance Seven Veils Solti Vienna	基础	歌剧、欲望和现代和声刺激
classical_atlas_082	05 现代主义开端	约 1890-1918	交响诗	082	是	亚历山大·斯克里亚宾	亚历山大·斯克里亚宾	Alexander Scriabin	/skriˈɑːbɪn/	https://en.wikipedia.org/wiki/Alexander_Scriabin	Prometheus: The Poem of Fire	Scriabin: Prometheus	Riccardo Muti, Philadelphia Orchestra	Scriabin Prometheus Poem of Fire Muti Philadelphia	Alexander Scriabin Prometheus: The Poem of Fire Riccardo Muti, Philadelphia Orchestra	Alexander Scriabin Prometheus: The Poem of Fire	Alexander Scriabin Scriabin: Prometheus	Scriabin Prometheus Poem of Fire Muti Philadelphia	进阶	神秘主义、色彩和扩张和声
classical_atlas_083	05 现代主义开端	约 1890-1918	管弦乐小品	083	是	查尔斯·艾夫斯	查尔斯·艾夫斯	Charles Ives	/tʃɑːrlz aɪvz/	https://en.wikipedia.org/wiki/Charles_Ives	The Unanswered Question	Ives: Orchestral Works	Leonard Bernstein, New York Philharmonic	Ives Unanswered Question Bernstein New York Philharmonic	Charles Ives The Unanswered Question Leonard Bernstein, New York Philharmonic	Charles Ives The Unanswered Question	Charles Ives Ives: Orchestral Works	Ives Unanswered Question Bernstein New York Philharmonic	基础	美国实验主义和空间分层
classical_atlas_084	05 现代主义开端	约 1890-1918	芭蕾组曲	084	是	伊戈尔·斯特拉文斯基	伊戈尔·斯特拉文斯基	Igor Stravinsky	/ˈiːɡɔːr strəˈvɪnski/	https://en.wikipedia.org/wiki/Igor_Stravinsky	The Firebird Suite: Finale	Stravinsky: The Firebird	Pierre Boulez, Chicago Symphony Orchestra	Stravinsky Firebird Finale Boulez Chicago	Igor Stravinsky The Firebird Suite: Finale Pierre Boulez, Chicago Symphony Orchestra	Igor Stravinsky The Firebird Suite: Finale	Igor Stravinsky Stravinsky: The Firebird	Stravinsky Firebird Finale Boulez Chicago	基础	俄罗斯色彩和巴黎现代舞台
classical_atlas_085	05 现代主义开端	约 1890-1918	芭蕾	085	是	伊戈尔·斯特拉文斯基	伊戈尔·斯特拉文斯基	Igor Stravinsky	/ˈiːɡɔːr strəˈvɪnski/	https://en.wikipedia.org/wiki/Igor_Stravinsky	Petrushka: Russian Dance	Stravinsky: Petrushka	Simon Rattle, City of Birmingham Symphony Orchestra	Stravinsky Petrushka Russian Dance Simon Rattle	Igor Stravinsky Petrushka: Russian Dance Simon Rattle, City of Birmingham Symphony Orchestra	Igor Stravinsky Petrushka: Russian Dance	Igor Stravinsky Stravinsky: Petrushka	Stravinsky Petrushka Russian Dance Simon Rattle	基础	拼贴、节奏和木偶剧场
classical_atlas_086	05 现代主义开端	约 1890-1918	芭蕾	086	是	伊戈尔·斯特拉文斯基	伊戈尔·斯特拉文斯基	Igor Stravinsky	/ˈiːɡɔːr strəˈvɪnski/	https://en.wikipedia.org/wiki/Igor_Stravinsky	The Rite of Spring: Augurs of Spring	Stravinsky: The Rite of Spring	Esa-Pekka Salonen, Los Angeles Philharmonic	Stravinsky Rite of Spring Salonen Los Angeles	Igor Stravinsky The Rite of Spring: Augurs of Spring Esa-Pekka Salonen, Los Angeles Philharmonic	Igor Stravinsky The Rite of Spring: Augurs of Spring	Igor Stravinsky Stravinsky: The Rite of Spring	Stravinsky Rite of Spring Salonen Los Angeles	基础	1913 转折点，节奏成为主角
classical_atlas_087	05 现代主义开端	约 1890-1918	管弦乐曲	087	是	阿诺德·勋伯格	阿诺德·勋伯格	Arnold Schoenberg	/ˈɑːrnəld ˈʃoʊnbɜːrɡ/	https://en.wikipedia.org/wiki/Arnold_Schoenberg	Five Pieces for Orchestra, Op. 16: Farben	Schoenberg: Orchestral Works	Pierre Boulez, BBC Symphony Orchestra	Schoenberg Five Pieces Orchestra Farben Boulez	Arnold Schoenberg Five Pieces for Orchestra, Op. 16: Farben Pierre Boulez, BBC Symphony Orchestra	Arnold Schoenberg Five Pieces for Orchestra, Op. 16: Farben	Arnold Schoenberg Schoenberg: Orchestral Works	Schoenberg Five Pieces Orchestra Farben Boulez	进阶	音色旋律和无调性入门
classical_atlas_088	05 现代主义开端	约 1890-1918	声乐套曲/室内乐	088	是	阿诺德·勋伯格	阿诺德·勋伯格	Arnold Schoenberg	/ˈɑːrnəld ˈʃoʊnbɜːrɡ/	https://en.wikipedia.org/wiki/Arnold_Schoenberg	Pierrot lunaire: Mondestrunken	Schoenberg: Pierrot lunaire	Christine Schäfer, Pierre Boulez	Schoenberg Pierrot lunaire Mondestrunken Boulez Schafer	Arnold Schoenberg Pierrot lunaire: Mondestrunken Christine Schäfer, Pierre Boulez	Arnold Schoenberg Pierrot lunaire: Mondestrunken	Arnold Schoenberg Schoenberg: Pierrot lunaire	Schoenberg Pierrot lunaire Mondestrunken Boulez Schafer	进阶	表现主义、吟诵调和室内音色
classical_atlas_089	05 现代主义开端	约 1890-1918	协奏曲	089	是	阿尔班·贝尔格	阿尔班·贝尔格	Alban Berg	/ˈɑːlbɑːn bɛərɡ/	https://en.wikipedia.org/wiki/Alban_Berg	Violin Concerto: I. Andante	Berg: Violin Concerto	Anne-Sophie Mutter, James Levine	Berg Violin Concerto Anne-Sophie Mutter Levine	Alban Berg Violin Concerto: I. Andante Anne-Sophie Mutter, James Levine	Alban Berg Violin Concerto: I. Andante	Alban Berg Berg: Violin Concerto	Berg Violin Concerto Anne-Sophie Mutter Levine	进阶	十二音技法和抒情记忆并存
classical_atlas_090	05 现代主义开端	约 1890-1918	弦乐四重奏	090	是	安东·韦伯恩	安东·韦伯恩	Anton Webern	/ˈæntɒn ˈveɪbərn/	https://en.wikipedia.org/wiki/Anton_Webern	Five Movements for String Quartet, Op. 5	Webern: Complete Works	Emerson String Quartet	Webern Five Movements String Quartet Emerson	Anton Webern Five Movements for String Quartet, Op. 5 Emerson String Quartet	Anton Webern Five Movements for String Quartet, Op. 5	Anton Webern Webern: Complete Works	Webern Five Movements String Quartet Emerson	进阶	极短结构和点描音响
classical_atlas_091	05 现代主义开端	约 1890-1918	室内管弦乐	091	是	贝拉·巴托克	贝拉·巴托克	Béla Bartók	/ˈbeɪlə ˈbɑːrtɒk/	https://en.wikipedia.org/wiki/B%C3%A9la_Bart%C3%B3k	Music for Strings, Percussion and Celesta: I. Andante tranquillo	Bartók: Orchestral Works	Georg Solti, Chicago Symphony Orchestra	Bartok Music Strings Percussion Celesta Solti	Béla Bartók Music for Strings, Percussion and Celesta: I. Andante tranquillo Georg Solti, Chicago Symphony Orchestra	Béla Bartók Music for Strings, Percussion and Celesta: I. Andante tranquillo	Béla Bartók Bartók: Orchestral Works	Bartok Music Strings Percussion Celesta Solti	基础	对称结构、民间节奏和夜曲音色
classical_atlas_092	05 现代主义开端	约 1890-1918	管弦协奏曲	092	是	贝拉·巴托克	贝拉·巴托克	Béla Bartók	/ˈbeɪlə ˈbɑːrtɒk/	https://en.wikipedia.org/wiki/B%C3%A9la_Bart%C3%B3k	Concerto for Orchestra: IV. Intermezzo interrotto	Bartók: Concerto for Orchestra	Fritz Reiner, Chicago Symphony Orchestra	Bartok Concerto for Orchestra Reiner Chicago	Béla Bartók Concerto for Orchestra: IV. Intermezzo interrotto Fritz Reiner, Chicago Symphony Orchestra	Béla Bartók Concerto for Orchestra: IV. Intermezzo interrotto	Béla Bartók Bartók: Concerto for Orchestra	Bartok Concerto for Orchestra Reiner Chicago	进阶	把乐队每个声部都推到前台
classical_atlas_093	05 现代主义开端	约 1890-1918	管弦组曲	093	是	古斯塔夫·霍尔斯特	古斯塔夫·霍尔斯特	Gustav Holst	/ˈɡʊstɑːv hoʊlst/	https://en.wikipedia.org/wiki/Gustav_Holst	The Planets: Mars	The Planets	Adrian Boult, London Philharmonic Orchestra	Holst Planets Mars Adrian Boult	Gustav Holst The Planets: Mars Adrian Boult, London Philharmonic Orchestra	Gustav Holst The Planets: Mars	Gustav Holst The Planets	Holst Planets Mars Adrian Boult	基础	节奏压迫感和电影配乐远源
classical_atlas_094	05 现代主义开端	约 1890-1918	管弦组曲	094	是	古斯塔夫·霍尔斯特	古斯塔夫·霍尔斯特	Gustav Holst	/ˈɡʊstɑːv hoʊlst/	https://en.wikipedia.org/wiki/Gustav_Holst	The Planets: Jupiter	The Planets	Adrian Boult, London Philharmonic Orchestra	Holst Planets Jupiter Adrian Boult	Gustav Holst The Planets: Jupiter Adrian Boult, London Philharmonic Orchestra	Gustav Holst The Planets: Jupiter	Gustav Holst The Planets	Holst Planets Jupiter Adrian Boult	基础	管弦乐赞歌和大众旋律
classical_atlas_095	05 现代主义开端	约 1890-1918	小交响曲	095	是	莱奥什·雅纳切克	莱奥什·雅纳切克	Leoš Janáček	/ˈleɪoʊʃ jəˈnɑːtʃɛk/	https://en.wikipedia.org/wiki/Leos_Janacek	Sinfonietta: I. Allegretto	Janáček: Sinfonietta	Charles Mackerras, Czech Philharmonic	Janacek Sinfonietta Mackerras Czech Philharmonic	Leoš Janáček Sinfonietta: I. Allegretto Charles Mackerras, Czech Philharmonic	Leoš Janáček Sinfonietta: I. Allegretto	Leoš Janáček Janáček: Sinfonietta	Janacek Sinfonietta Mackerras Czech Philharmonic	进阶	语言节奏、铜管和民族现代主义
classical_atlas_096	05 现代主义开端	约 1890-1918	芭蕾/舞剧	096	是	曼努埃尔·德·法雅	曼努埃尔·德·法雅	Manuel de Falla	/mænˈwɛl deɪ ˈfaɪjə/	https://en.wikipedia.org/wiki/Manuel_de_Falla	El amor brujo: Ritual Fire Dance	Falla: El amor brujo	Ernest Ansermet, Suisse Romande Orchestra	Falla Ritual Fire Dance Ansermet	Manuel de Falla El amor brujo: Ritual Fire Dance Ernest Ansermet, Suisse Romande Orchestra	Manuel de Falla El amor brujo: Ritual Fire Dance	Manuel de Falla Falla: El amor brujo	Falla Ritual Fire Dance Ansermet	基础	西班牙民间材料和现代舞台色彩
classical_atlas_097	06 两次大战之间	约 1918-1945	交响曲	097	是	谢尔盖·普罗科菲耶夫	谢尔盖·普罗科菲耶夫	Sergei Prokofiev	/sərˈɡeɪ proʊˈkɒfiɛf/	https://en.wikipedia.org/wiki/Sergei_Prokofiev	Symphony No. 1 "Classical": I. Allegro	Prokofiev: Classical Symphony	Claudio Abbado, London Symphony Orchestra	Prokofiev Classical Symphony Abbado LSO	Sergei Prokofiev Symphony No. 1 "Classical": I. Allegro Claudio Abbado, London Symphony Orchestra	Sergei Prokofiev Symphony No. 1 "Classical": I. Allegro	Sergei Prokofiev Prokofiev: Classical Symphony	Prokofiev Classical Symphony Abbado LSO	基础	新古典主义，古典外壳里的现代讽刺
classical_atlas_098	06 两次大战之间	约 1918-1945	芭蕾	098	是	谢尔盖·普罗科菲耶夫	谢尔盖·普罗科菲耶夫	Sergei Prokofiev	/sərˈɡeɪ proʊˈkɒfiɛf/	https://en.wikipedia.org/wiki/Sergei_Prokofiev	Romeo and Juliet: Dance of the Knights	Prokofiev: Romeo and Juliet	Valery Gergiev, London Symphony Orchestra	Prokofiev Romeo Juliet Dance Knights Gergiev	Sergei Prokofiev Romeo and Juliet: Dance of the Knights Valery Gergiev, London Symphony Orchestra	Sergei Prokofiev Romeo and Juliet: Dance of the Knights	Sergei Prokofiev Prokofiev: Romeo and Juliet	Prokofiev Romeo Juliet Dance Knights Gergiev	基础	芭蕾、重音和戏剧人物
classical_atlas_099	06 两次大战之间	约 1918-1945	协奏曲	099	是	谢尔盖·普罗科菲耶夫	谢尔盖·普罗科菲耶夫	Sergei Prokofiev	/sərˈɡeɪ proʊˈkɒfiɛf/	https://en.wikipedia.org/wiki/Sergei_Prokofiev	Piano Concerto No. 3: I. Andante - Allegro	Prokofiev: Piano Concerto No. 3	Martha Argerich, Claudio Abbado	Prokofiev Piano Concerto 3 Argerich Abbado	Sergei Prokofiev Piano Concerto No. 3: I. Andante - Allegro Martha Argerich, Claudio Abbado	Sergei Prokofiev Piano Concerto No. 3: I. Andante - Allegro	Sergei Prokofiev Prokofiev: Piano Concerto No. 3	Prokofiev Piano Concerto 3 Argerich Abbado	进阶	钢琴打击性和现代协奏曲
classical_atlas_100	06 两次大战之间	约 1918-1945	交响曲	100	是	德米特里·肖斯塔科维奇	德米特里·肖斯塔科维奇	Dmitri Shostakovich	/ˈdmiːtri ˌʃɒstəˈkoʊvɪtʃ/	https://en.wikipedia.org/wiki/Dmitri_Shostakovich	Symphony No. 5: IV. Allegro non troppo	Shostakovich: Symphony No. 5	Yevgeny Mravinsky, Leningrad Philharmonic	Shostakovich Symphony 5 Mravinsky Leningrad	Dmitri Shostakovich Symphony No. 5: IV. Allegro non troppo Yevgeny Mravinsky, Leningrad Philharmonic	Dmitri Shostakovich Symphony No. 5: IV. Allegro non troppo	Dmitri Shostakovich Shostakovich: Symphony No. 5	Shostakovich Symphony 5 Mravinsky Leningrad	基础	苏联语境、胜利和讽刺的歧义
classical_atlas_101	06 两次大战之间	约 1918-1945	管弦组曲/轻音乐	101	是	德米特里·肖斯塔科维奇	德米特里·肖斯塔科维奇	Dmitri Shostakovich	/ˈdmiːtri ˌʃɒstəˈkoʊvɪtʃ/	https://en.wikipedia.org/wiki/Dmitri_Shostakovich	Jazz Suite No. 2: Waltz II	Shostakovich: Jazz Suites	Riccardo Chailly, Royal Concertgebouw Orchestra	Shostakovich Waltz 2 Chailly Concertgebouw	Dmitri Shostakovich Jazz Suite No. 2: Waltz II Riccardo Chailly, Royal Concertgebouw Orchestra	Dmitri Shostakovich Jazz Suite No. 2: Waltz II	Dmitri Shostakovich Shostakovich: Jazz Suites	Shostakovich Waltz 2 Chailly Concertgebouw	基础	轻音乐、讽刺和大众传播
classical_atlas_102	06 两次大战之间	约 1918-1945	交响曲	102	是	保罗·欣德米特	保罗·欣德米特	Paul Hindemith	/ˈpaʊl ˈhɪndəmɪt/	https://en.wikipedia.org/wiki/Paul_Hindemith	Symphony Mathis der Maler: Engelkonzert	Hindemith: Mathis der Maler	Herbert Blomstedt, San Francisco Symphony	Hindemith Mathis der Maler Blomstedt San Francisco	Paul Hindemith Symphony Mathis der Maler: Engelkonzert Herbert Blomstedt, San Francisco Symphony	Paul Hindemith Symphony Mathis der Maler: Engelkonzert	Paul Hindemith Hindemith: Mathis der Maler	Hindemith Mathis der Maler Blomstedt San Francisco	进阶	新客观主义和复调结构
classical_atlas_103	06 两次大战之间	约 1918-1945	协奏曲	103	是	弗朗西斯·普朗克	弗朗西斯·普朗克	Francis Poulenc	/ˈfrɑːnsɪs puːˈlɛŋk/	https://en.wikipedia.org/wiki/Francis_Poulenc	Concert champêtre: I. Allegro molto	Poulenc: Concert champêtre	Aimée van de Wiele, Georges Prêtre	Poulenc Concert champetre Aimee van de Wiele	Francis Poulenc Concert champêtre: I. Allegro molto Aimée van de Wiele, Georges Prêtre	Francis Poulenc Concert champêtre: I. Allegro molto	Francis Poulenc Poulenc: Concert champêtre	Poulenc Concert champetre Aimee van de Wiele	进阶	法国新古典和羽管键琴复兴
classical_atlas_104	06 两次大战之间	约 1918-1945	芭蕾	104	是	达律斯·米约	达律斯·米约	Darius Milhaud	/dəˈriːəs miːˈjoʊ/	https://en.wikipedia.org/wiki/Darius_Milhaud	La création du monde	Milhaud: La création du monde	Leonard Bernstein, Orchestre National de France	Milhaud Creation du monde Bernstein	Darius Milhaud La création du monde Leonard Bernstein, Orchestre National de France	Darius Milhaud La création du monde	Darius Milhaud Milhaud: La création du monde	Milhaud Creation du monde Bernstein	进阶	爵士、芭蕾和巴黎现代主义
classical_atlas_105	06 两次大战之间	约 1918-1945	狂想曲/协奏曲	105	是	乔治·格什温	乔治·格什温	George Gershwin	/ˈdʒɔːrdʒ ˈɡɜːrʃwɪn/	https://en.wikipedia.org/wiki/George_Gershwin	Rhapsody in Blue	Gershwin: Rhapsody in Blue	Leonard Bernstein, Columbia Symphony Orchestra	Gershwin Rhapsody in Blue Bernstein Columbia	George Gershwin Rhapsody in Blue Leonard Bernstein, Columbia Symphony Orchestra	George Gershwin Rhapsody in Blue	George Gershwin Gershwin: Rhapsody in Blue	Gershwin Rhapsody in Blue Bernstein Columbia	基础	爵士和协奏曲传统的交汇
classical_atlas_106	06 两次大战之间	约 1918-1945	交响诗/城市音画	106	是	乔治·格什温	乔治·格什温	George Gershwin	/ˈdʒɔːrdʒ ˈɡɜːrʃwɪn/	https://en.wikipedia.org/wiki/George_Gershwin	An American in Paris	Gershwin: An American in Paris	André Previn, London Symphony Orchestra	Gershwin American in Paris Previn LSO	George Gershwin An American in Paris André Previn, London Symphony Orchestra	George Gershwin An American in Paris	George Gershwin Gershwin: An American in Paris	Gershwin American in Paris Previn LSO	基础	城市声音和美国管弦乐想象
classical_atlas_107	06 两次大战之间	约 1918-1945	芭蕾组曲	107	是	阿伦·科普兰	阿伦·科普兰	Aaron Copland	/ˈɛərən ˈkoʊplənd/	https://en.wikipedia.org/wiki/Aaron_Copland	Appalachian Spring: Simple Gifts	Copland: Appalachian Spring	Leonard Bernstein, New York Philharmonic	Copland Appalachian Spring Simple Gifts Bernstein	Aaron Copland Appalachian Spring: Simple Gifts Leonard Bernstein, New York Philharmonic	Aaron Copland Appalachian Spring: Simple Gifts	Aaron Copland Copland: Appalachian Spring	Copland Appalachian Spring Simple Gifts Bernstein	基础	开阔音程和美国风景
classical_atlas_108	06 两次大战之间	约 1918-1945	芭蕾	108	是	阿伦·科普兰	阿伦·科普兰	Aaron Copland	/ˈɛərən ˈkoʊplənd/	https://en.wikipedia.org/wiki/Aaron_Copland	Billy the Kid: Open Prairie	Copland: Billy the Kid	Leonard Bernstein, New York Philharmonic	Copland Billy the Kid Open Prairie Bernstein	Aaron Copland Billy the Kid: Open Prairie Leonard Bernstein, New York Philharmonic	Aaron Copland Billy the Kid: Open Prairie	Aaron Copland Copland: Billy the Kid	Copland Billy the Kid Open Prairie Bernstein	进阶	民间材料、舞台和美国神话
classical_atlas_109	06 两次大战之间	约 1918-1945	音乐剧/剧场歌曲	109	是	库尔特·魏尔	库尔特·魏尔	Kurt Weill	/kʊrt vaɪl/	https://en.wikipedia.org/wiki/Kurt_Weill	Die Dreigroschenoper: Mack the Knife	Weill: Threepenny Opera	Ute Lemper	Kurt Weill Mack the Knife Ute Lemper	Kurt Weill Die Dreigroschenoper: Mack the Knife Ute Lemper	Kurt Weill Die Dreigroschenoper: Mack the Knife	Kurt Weill Weill: Threepenny Opera	Kurt Weill Mack the Knife Ute Lemper	基础	剧场、讽刺和流行歌曲边界
classical_atlas_110	06 两次大战之间	约 1918-1945	交响曲	110	是	弗洛伦斯·普莱斯	弗洛伦斯·普莱斯	Florence Price	/ˈflɔːrəns praɪs/	https://en.wikipedia.org/wiki/Florence_Price	Symphony No. 1: III. Juba Dance	Price: Symphonies	John Jeter, Fort Smith Symphony	Florence Price Symphony 1 Juba John Jeter	Florence Price Symphony No. 1: III. Juba Dance John Jeter, Fort Smith Symphony	Florence Price Symphony No. 1: III. Juba Dance	Florence Price Price: Symphonies	Florence Price Symphony 1 Juba John Jeter	基础	非裔美国传统进入交响曲
classical_atlas_111	06 两次大战之间	约 1918-1945	交响曲	111	是	威廉·格兰特·斯蒂尔	威廉·格兰特·斯蒂尔	William Grant Still	/ˈwɪljəm ɡrænt stɪl/	https://en.wikipedia.org/wiki/William_Grant_Still	Symphony No. 1 "Afro-American": I. Moderato assai	Still: Afro-American Symphony	Neeme Järvi, Detroit Symphony Orchestra	William Grant Still Afro-American Symphony Jarvi Detroit	William Grant Still Symphony No. 1 "Afro-American": I. Moderato assai Neeme Järvi, Detroit Symphony Orchestra	William Grant Still Symphony No. 1 "Afro-American": I. Moderato assai	William Grant Still Still: Afro-American Symphony	William Grant Still Afro-American Symphony Jarvi Detroit	进阶	布鲁斯语汇和交响结构
classical_atlas_112	06 两次大战之间	约 1918-1945	电影配乐	112	是	埃里希·沃尔夫冈·科恩戈尔德	埃里希·沃尔夫冈·科恩戈尔德	Erich Wolfgang Korngold	/ˈɛrɪk ˈwʊlfɡæŋ ˈkɔːrnɡoʊld/	https://en.wikipedia.org/wiki/Erich_Wolfgang_Korngold	Kings Row: Main Title	Korngold: The Sea Hawk and Other Film Scores	Charles Gerhardt, National Philharmonic	Korngold Kings Row Main Title Charles Gerhardt	Erich Wolfgang Korngold Kings Row: Main Title Charles Gerhardt, National Philharmonic	Erich Wolfgang Korngold Kings Row: Main Title	Erich Wolfgang Korngold Korngold: The Sea Hawk and Other Film Scores	Korngold Kings Row Main Title Charles Gerhardt	基础	欧洲晚期浪漫主义进入好莱坞
classical_atlas_113	06 两次大战之间	约 1918-1945	弦乐慢板/室内改编	113	是	塞缪尔·巴伯	塞缪尔·巴伯	Samuel Barber	/ˈsæmjuəl ˈbɑːrbər/	https://en.wikipedia.org/wiki/Samuel_Barber	Adagio for Strings, Op. 11	Barber: Adagio for Strings	Leonard Bernstein, New York Philharmonic	Barber Adagio for Strings Bernstein New York Philharmonic	Samuel Barber Adagio for Strings, Op. 11 Leonard Bernstein, New York Philharmonic	Samuel Barber Adagio for Strings, Op. 11	Samuel Barber Barber: Adagio for Strings	Barber Adagio for Strings Bernstein New York Philharmonic	基础	20 世纪美国抒情经典
classical_atlas_114	06 两次大战之间	约 1918-1945	弦乐交响曲	114	是	本杰明·布里顿	本杰明·布里顿	Benjamin Britten	/ˈbɛndʒəmɪn ˈbrɪtən/	https://en.wikipedia.org/wiki/Benjamin_Britten	Simple Symphony: Playful Pizzicato	Britten: Simple Symphony	English Chamber Orchestra, Benjamin Britten	Britten Simple Symphony Playful Pizzicato	Benjamin Britten Simple Symphony: Playful Pizzicato English Chamber Orchestra, Benjamin Britten	Benjamin Britten Simple Symphony: Playful Pizzicato	Benjamin Britten Britten: Simple Symphony	Britten Simple Symphony Playful Pizzicato	基础	英国现代音乐的透明和机智
classical_atlas_115	06 两次大战之间	约 1918-1945	世俗清唱剧/舞台康塔塔	115	是	卡尔·奥尔夫	卡尔·奥尔夫	Carl Orff	/kɑːrl ɔːrf/	https://en.wikipedia.org/wiki/Carl_Orff	Carmina Burana: O Fortuna	Orff: Carmina Burana	Eugen Jochum, Chor und Orchester der Deutschen Oper Berlin	Orff Carmina Burana O Fortuna Jochum	Carl Orff Carmina Burana: O Fortuna Eugen Jochum, Chor und Orchester der Deutschen Oper Berlin	Carl Orff Carmina Burana: O Fortuna	Carl Orff Orff: Carmina Burana	Orff Carmina Burana O Fortuna Jochum	基础	节奏、合唱和大众冲击力
classical_atlas_116	06 两次大战之间	约 1918-1945	交响诗	116	是	西尔维斯特雷·雷韦尔塔斯	西尔维斯特雷·雷韦尔塔斯	Silvestre Revueltas	/sɪlˈvɛstreɪ rɛˈvwɛltəs/	https://en.wikipedia.org/wiki/Silvestre_Revueltas	Sensemayá	Revueltas: Sensemayá	Esa-Pekka Salonen, Los Angeles Philharmonic	Revueltas Sensemaya Salonen Los Angeles	Silvestre Revueltas Sensemayá Esa-Pekka Salonen, Los Angeles Philharmonic	Silvestre Revueltas Sensemayá	Silvestre Revueltas Revueltas: Sensemayá	Revueltas Sensemaya Salonen Los Angeles	进阶	拉丁美洲现代主义和强迫性节奏
classical_atlas_117	07 战后先锋与声音实验	约 1945-1970s	交响曲	117	是	奥利维耶·梅西安	奥利维耶·梅西安	Olivier Messiaen	/ˌɒlɪviˈeɪ mɛˈsjɑːn/	https://en.wikipedia.org/wiki/Olivier_Messiaen	Turangalîla-Symphonie: V. Joie du sang des étoiles	Messiaen: Turangalîla-Symphonie	Esa-Pekka Salonen, Philharmonia Orchestra	Messiaen Turangalila Salonen Philharmonia	Olivier Messiaen Turangalîla-Symphonie: V. Joie du sang des étoiles Esa-Pekka Salonen, Philharmonia Orchestra	Olivier Messiaen Turangalîla-Symphonie: V. Joie du sang des étoiles	Olivier Messiaen Messiaen: Turangalîla-Symphonie	Messiaen Turangalila Salonen Philharmonia	基础	节奏、色彩和昂德马特诺
classical_atlas_118	07 战后先锋与声音实验	约 1945-1970s	室内乐	118	是	奥利维耶·梅西安	奥利维耶·梅西安	Olivier Messiaen	/ˌɒlɪviˈeɪ mɛˈsjɑːn/	https://en.wikipedia.org/wiki/Olivier_Messiaen	Quatuor pour la fin du temps: Louange à l'Éternité de Jésus	Messiaen: Quartet for the End of Time	Tashi	Messiaen Quartet End of Time Louange Tashi	Olivier Messiaen Quatuor pour la fin du temps: Louange à l'Éternité de Jésus Tashi	Olivier Messiaen Quatuor pour la fin du temps: Louange à l'Éternité de Jésus	Olivier Messiaen Messiaen: Quartet for the End of Time	Messiaen Quartet End of Time Louange Tashi	进阶	战争、时间感和灵性静止
classical_atlas_119	07 战后先锋与声音实验	约 1945-1970s	声乐室内乐	119	是	皮埃尔·布列兹	皮埃尔·布列兹	Pierre Boulez	/pjɛər buːˈlɛz/	https://en.wikipedia.org/wiki/Pierre_Boulez	Le Marteau sans maître: Avant l'artisanat furieux	Boulez: Le Marteau sans maître	Ensemble Intercontemporain, Pierre Boulez	Boulez Le Marteau sans maître Ensemble Intercontemporain	Pierre Boulez Le Marteau sans maître: Avant l'artisanat furieux Ensemble Intercontemporain, Pierre Boulez	Pierre Boulez Le Marteau sans maître: Avant l'artisanat furieux	Pierre Boulez Boulez: Le Marteau sans maître	Boulez Le Marteau sans maître Ensemble Intercontemporain	进阶	序列主义、音色组合和诗歌碎片
classical_atlas_120	07 战后先锋与声音实验	约 1945-1970s	电子音乐	120	是	卡尔海因茨·斯托克豪森	卡尔海因茨·斯托克豪森	Karlheinz Stockhausen	/ˈkɑːrlhaɪnts ˈʃtɒkhaʊzən/	https://en.wikipedia.org/wiki/Karlheinz_Stockhausen	Gesang der Jünglinge	Stockhausen: Electronic Music	Stockhausen	Karlheinz Stockhausen Gesang der Junglinge	Karlheinz Stockhausen Gesang der Jünglinge Stockhausen	Karlheinz Stockhausen Gesang der Jünglinge	Karlheinz Stockhausen Stockhausen: Electronic Music	Karlheinz Stockhausen Gesang der Junglinge	进阶	电子音乐和人声处理
classical_atlas_121	07 战后先锋与声音实验	约 1945-1970s	预置钢琴奏鸣曲	121	是	约翰·凯奇	约翰·凯奇	John Cage	/dʒɒn keɪdʒ/	https://en.wikipedia.org/wiki/John_Cage	Sonatas and Interludes: Sonata V	Cage: Sonatas and Interludes	John Tilbury	John Cage Sonatas Interludes John Tilbury	John Cage Sonatas and Interludes: Sonata V John Tilbury	John Cage Sonatas and Interludes: Sonata V	John Cage Cage: Sonatas and Interludes	John Cage Sonatas Interludes John Tilbury	基础	预置钢琴和声音对象
classical_atlas_122	07 战后先锋与声音实验	约 1945-1970s	偶然音乐/观念作品	122	是	约翰·凯奇	约翰·凯奇	John Cage	/dʒɒn keɪdʒ/	https://en.wikipedia.org/wiki/John_Cage	4'33"	Cage: 4'33"	Amadinda Percussion Group	John Cage 4'33 Amadinda	John Cage 4'33" Amadinda Percussion Group	John Cage 4'33"	John Cage Cage: 4'33"	John Cage 4'33 Amadinda	进阶	沉默、环境声和听众角色
classical_atlas_123	07 战后先锋与声音实验	约 1945-1970s	管弦乐	123	是	扬尼斯·泽纳基斯	扬尼斯·泽纳基斯	Iannis Xenakis	/ˈjɑːnɪs zɛˈnɑːkɪs/	https://en.wikipedia.org/wiki/Iannis_Xenakis	Metastaseis	Xenakis: Orchestral Works	Arturo Tamayo, Luxembourg Philharmonic	Xenakis Metastaseis Arturo Tamayo	Iannis Xenakis Metastaseis Arturo Tamayo, Luxembourg Philharmonic	Iannis Xenakis Metastaseis	Iannis Xenakis Xenakis: Orchestral Works	Xenakis Metastaseis Arturo Tamayo	进阶	数学、建筑和声音密度
classical_atlas_124	07 战后先锋与声音实验	约 1945-1970s	管弦乐	124	是	捷尔吉·利盖蒂	捷尔吉·利盖蒂	György Ligeti	/ˈdʒɜːrdʒi lɪˈɡɛti/	https://en.wikipedia.org/wiki/Gy%C3%B6rgy_Ligeti	Atmosphères	Ligeti: Orchestral Works	Jonathan Nott, Berlin Philharmonic	Ligeti Atmospheres Jonathan Nott Berlin Philharmonic	György Ligeti Atmosphères Jonathan Nott, Berlin Philharmonic	György Ligeti Atmosphères	György Ligeti Ligeti: Orchestral Works	Ligeti Atmospheres Jonathan Nott Berlin Philharmonic	基础	音块写作和科幻电影记忆
classical_atlas_125	07 战后先锋与声音实验	约 1945-1970s	合唱	125	是	捷尔吉·利盖蒂	捷尔吉·利盖蒂	György Ligeti	/ˈdʒɜːrdʒi lɪˈɡɛti/	https://en.wikipedia.org/wiki/Gy%C3%B6rgy_Ligeti	Lux Aeterna	Ligeti: Lux Aeterna	Eric Ericson Chamber Choir	Ligeti Lux Aeterna Eric Ericson Chamber Choir	György Ligeti Lux Aeterna Eric Ericson Chamber Choir	György Ligeti Lux Aeterna	György Ligeti Ligeti: Lux Aeterna	Ligeti Lux Aeterna Eric Ericson Chamber Choir	进阶	微复调和人声音云
classical_atlas_126	07 战后先锋与声音实验	约 1945-1970s	弦乐队/哀歌	126	是	克日什托夫·潘德列茨基	克日什托夫·潘德列茨基	Krzysztof Penderecki	/ˈkrɪʃtɒf ˌpɛndəˈrɛtski/	https://en.wikipedia.org/wiki/Krzysztof_Penderecki	Threnody for the Victims of Hiroshima	Penderecki: Threnody	Antoni Wit, Polish National Radio Symphony	Penderecki Threnody Antoni Wit	Krzysztof Penderecki Threnody for the Victims of Hiroshima Antoni Wit, Polish National Radio Symphony	Krzysztof Penderecki Threnody for the Victims of Hiroshima	Krzysztof Penderecki Penderecki: Threnody	Penderecki Threnody Antoni Wit	基础	弦乐噪声、历史创伤和现代音响
classical_atlas_127	07 战后先锋与声音实验	约 1945-1970s	管弦协奏曲	127	是	维托尔德·卢托斯瓦夫斯基	维托尔德·卢托斯瓦夫斯基	Witold Lutosławski	/ˈviːtɒld ˌluːtoʊˈslɑːfski/	https://en.wikipedia.org/wiki/Witold_Lutos%C5%82awski	Concerto for Orchestra: III. Passacaglia, Toccata e Corale	Lutosławski: Concerto for Orchestra	Witold Lutosławski, Warsaw Philharmonic	Lutoslawski Concerto for Orchestra Warsaw Philharmonic	Witold Lutosławski Concerto for Orchestra: III. Passacaglia, Toccata e Corale Witold Lutosławski, Warsaw Philharmonic	Witold Lutosławski Concerto for Orchestra: III. Passacaglia, Toccata e Corale	Witold Lutosławski Lutosławski: Concerto for Orchestra	Lutoslawski Concerto for Orchestra Warsaw Philharmonic	进阶	民间材料和战后波兰现代主义
classical_atlas_128	07 战后先锋与声音实验	约 1945-1970s	安魂曲	128	是	本杰明·布里顿	本杰明·布里顿	Benjamin Britten	/ˈbɛndʒəmɪn ˈbrɪtən/	https://en.wikipedia.org/wiki/Benjamin_Britten	War Requiem: Libera me	Britten: War Requiem	Benjamin Britten, London Symphony Orchestra	Britten War Requiem Libera me Britten LSO	Benjamin Britten War Requiem: Libera me Benjamin Britten, London Symphony Orchestra	Benjamin Britten War Requiem: Libera me	Benjamin Britten Britten: War Requiem	Britten War Requiem Libera me Britten LSO	基础	战争记忆、拉丁弥撒和英文诗
classical_atlas_129	07 战后先锋与声音实验	约 1945-1970s	协奏性管弦乐/传统乐器	129	是	武满彻	武满彻	Tōru Takemitsu	/ˈtoʊruː ˌtɑːkəˈmɪtsuː/	https://en.wikipedia.org/wiki/Toru_Takemitsu	November Steps	Takemitsu: November Steps	Seiji Ozawa, Toronto Symphony Orchestra	Takemitsu November Steps Seiji Ozawa	Tōru Takemitsu November Steps Seiji Ozawa, Toronto Symphony Orchestra	Tōru Takemitsu November Steps	Tōru Takemitsu Takemitsu: November Steps	Takemitsu November Steps Seiji Ozawa	进阶	尺八、琵琶和西方管弦乐并置
classical_atlas_130	07 战后先锋与声音实验	约 1945-1970s	交响/拼贴作品	130	是	卢恰诺·贝里奥	卢恰诺·贝里奥	Luciano Berio	/luːˈtʃɑːnoʊ ˈbɛrioʊ/	https://en.wikipedia.org/wiki/Luciano_Berio	Sinfonia: III. In ruhig fliessender Bewegung	Berio: Sinfonia	Pierre Boulez, New York Philharmonic	Berio Sinfonia Boulez New York Philharmonic	Luciano Berio Sinfonia: III. In ruhig fliessender Bewegung Pierre Boulez, New York Philharmonic	Luciano Berio Sinfonia: III. In ruhig fliessender Bewegung	Luciano Berio Berio: Sinfonia	Berio Sinfonia Boulez New York Philharmonic	进阶	拼贴、马勒和后现代文本
classical_atlas_131	07 战后先锋与声音实验	约 1945-1970s	声乐独奏	131	是	卢恰诺·贝里奥	卢恰诺·贝里奥	Luciano Berio	/luːˈtʃɑːnoʊ ˈbɛrioʊ/	https://en.wikipedia.org/wiki/Luciano_Berio	Sequenza III	Berio: Sequenzas	Cathy Berberian	Berio Sequenza III Cathy Berberian	Luciano Berio Sequenza III Cathy Berberian	Luciano Berio Sequenza III	Luciano Berio Berio: Sequenzas	Berio Sequenza III Cathy Berberian	进阶	人声扩展技巧和戏剧化发声
classical_atlas_132	07 战后先锋与声音实验	约 1945-1970s	电子声乐	132	是	米尔顿·巴比特	米尔顿·巴比特	Milton Babbitt	/ˈmɪltən ˈbæbɪt/	https://en.wikipedia.org/wiki/Milton_Babbitt	Philomel	Babbitt: Philomel	Bethany Beardslee	Milton Babbitt Philomel Bethany Beardslee	Milton Babbitt Philomel Bethany Beardslee	Milton Babbitt Philomel	Milton Babbitt Babbitt: Philomel	Milton Babbitt Philomel Bethany Beardslee	进阶	电子声、人声和美国学院派先锋
classical_atlas_133	07 战后先锋与声音实验	约 1945-1970s	弦乐四重奏	133	是	乔治·克拉姆	乔治·克拉姆	George Crumb	/dʒɔːrdʒ krʌm/	https://en.wikipedia.org/wiki/George_Crumb	Black Angels: Threnody I	Crumb: Black Angels	Kronos Quartet	George Crumb Black Angels Kronos Quartet	George Crumb Black Angels: Threnody I Kronos Quartet	George Crumb Black Angels: Threnody I	George Crumb Crumb: Black Angels	George Crumb Black Angels Kronos Quartet	基础	扩展技巧和黑暗剧场感
classical_atlas_134	07 战后先锋与声音实验	约 1945-1970s	大协奏曲	134	是	阿尔弗雷德·施尼特凯	阿尔弗雷德·施尼特凯	Alfred Schnittke	/ˈælfrɛd ˈʃnɪtkə/	https://en.wikipedia.org/wiki/Alfred_Schnittke	Concerto Grosso No. 1: V. Rondo	Schnittke: Concerto Grosso No. 1	Gidon Kremer, Yuri Bashmet	Schnittke Concerto Grosso 1 Gidon Kremer Bashmet	Alfred Schnittke Concerto Grosso No. 1: V. Rondo Gidon Kremer, Yuri Bashmet	Alfred Schnittke Concerto Grosso No. 1: V. Rondo	Alfred Schnittke Schnittke: Concerto Grosso No. 1	Schnittke Concerto Grosso 1 Gidon Kremer Bashmet	进阶	复风格主义，巴洛克碎片和现代讽刺
classical_atlas_135	07 战后先锋与声音实验	约 1945-1970s	协奏曲	135	是	索菲娅·古拜杜丽娜	索菲娅·古拜杜丽娜	Sofia Gubaidulina	/ˈsoʊfiə ˌɡuːbaɪˈduːlɪnə/	https://en.wikipedia.org/wiki/Sofia_Gubaidulina	Offertorium	Gubaidulina: Offertorium	Gidon Kremer, Charles Dutoit	Sofia Gubaidulina Offertorium Gidon Kremer Dutoit	Sofia Gubaidulina Offertorium Gidon Kremer, Charles Dutoit	Sofia Gubaidulina Offertorium	Sofia Gubaidulina Gubaidulina: Offertorium	Sofia Gubaidulina Offertorium Gidon Kremer Dutoit	进阶	宗教象征、变形主题和后苏联声音
classical_atlas_136	07 战后先锋与声音实验	约 1945-1970s	电子音乐	136	是	埃德加·瓦雷兹	埃德加·瓦雷兹	Edgard Varèse	/ɛdˈɡɑːr vəˈrɛz/	https://en.wikipedia.org/wiki/Edgard_Var%C3%A8se	Poème électronique	Varèse: The Complete Works	Riccardo Chailly, Asko Ensemble	Varese Poeme electronique Chailly Asko	Edgard Varèse Poème électronique Riccardo Chailly, Asko Ensemble	Edgard Varèse Poème électronique	Edgard Varèse Varèse: The Complete Works	Varese Poeme electronique Chailly Asko	进阶	电子空间和世博会声音装置
classical_atlas_137	08 极简主义与后极简	约 1960s-1990s	开放形式/极简主义	137	是	特里·赖利	特里·赖利	Terry Riley	/ˈtɛri ˈraɪli/	https://en.wikipedia.org/wiki/Terry_Riley	In C	In C	Shanghai Film Orchestra, Wang Yongji	Terry Riley In C	Terry Riley In C Shanghai Film Orchestra, Wang Yongji	Terry Riley In C	Terry Riley In C	Terry Riley In C	基础	极简主义起点，模块重复和开放结构
classical_atlas_138	08 极简主义与后极简	约 1960s-1990s	打击乐/身体节奏	138	是	史蒂夫·赖希	史蒂夫·赖希	Steve Reich	/stiːv raɪʃ/	https://en.wikipedia.org/wiki/Steve_Reich	Clapping Music	Reich: Works 1965-1995	Steve Reich and Musicians	Steve Reich Clapping Music	Steve Reich Clapping Music Steve Reich and Musicians	Steve Reich Clapping Music	Steve Reich Reich: Works 1965-1995	Steve Reich Clapping Music	基础	相位思维的最小模型
classical_atlas_139	08 极简主义与后极简	约 1960s-1990s	室内合奏/极简主义	139	是	史蒂夫·赖希	史蒂夫·赖希	Steve Reich	/stiːv raɪʃ/	https://en.wikipedia.org/wiki/Steve_Reich	Music for 18 Musicians: Pulses	Reich: Music for 18 Musicians	Steve Reich and Musicians	Steve Reich Music for 18 Musicians Pulses	Steve Reich Music for 18 Musicians: Pulses Steve Reich and Musicians	Steve Reich Music for 18 Musicians: Pulses	Steve Reich Reich: Music for 18 Musicians	Steve Reich Music for 18 Musicians Pulses	基础	脉冲、呼吸和渐变过程
classical_atlas_140	08 极简主义与后极简	约 1960s-1990s	弦乐四重奏/录音拼贴	140	是	史蒂夫·赖希	史蒂夫·赖希	Steve Reich	/stiːv raɪʃ/	https://en.wikipedia.org/wiki/Steve_Reich	Different Trains: America, Before the War	Reich: Different Trains	Kronos Quartet	Steve Reich Different Trains Kronos Quartet	Steve Reich Different Trains: America, Before the War Kronos Quartet	Steve Reich Different Trains: America, Before the War	Steve Reich Reich: Different Trains	Steve Reich Different Trains Kronos Quartet	进阶	录音采样、记忆和弦乐四重奏
classical_atlas_141	08 极简主义与后极简	约 1960s-1990s	键盘/极简主义	141	是	菲利普·格拉斯	菲利普·格拉斯	Philip Glass	/ˈfɪlɪp ɡlæs/	https://en.wikipedia.org/wiki/Philip_Glass	Glassworks: Opening	Glassworks	Philip Glass Ensemble	Philip Glass Glassworks Opening	Philip Glass Glassworks: Opening Philip Glass Ensemble	Philip Glass Glassworks: Opening	Philip Glass Glassworks	Philip Glass Glassworks Opening	基础	重复和流行化极简主义入门
classical_atlas_142	08 极简主义与后极简	约 1960s-1990s	歌剧/实验歌剧	142	是	菲利普·格拉斯	菲利普·格拉斯	Philip Glass	/ˈfɪlɪp ɡlæs/	https://en.wikipedia.org/wiki/Philip_Glass	Einstein on the Beach: Knee Play 1	Einstein on the Beach	Philip Glass Ensemble	Philip Glass Einstein on the Beach Knee Play 1	Philip Glass Einstein on the Beach: Knee Play 1 Philip Glass Ensemble	Philip Glass Einstein on the Beach: Knee Play 1	Philip Glass Einstein on the Beach	Philip Glass Einstein on the Beach Knee Play 1	进阶	数字、歌剧和反叙事结构
classical_atlas_143	08 极简主义与后极简	约 1960s-1990s	管弦乐短曲	143	是	约翰·亚当斯	约翰·亚当斯	John Adams	/dʒɒn ˈædəmz/	https://en.wikipedia.org/wiki/John_Adams_%28composer%29	Short Ride in a Fast Machine	Adams: Short Ride in a Fast Machine	Michael Tilson Thomas, San Francisco Symphony	John Adams Short Ride in a Fast Machine Tilson Thomas	John Adams Short Ride in a Fast Machine Michael Tilson Thomas, San Francisco Symphony	John Adams Short Ride in a Fast Machine	John Adams Adams: Short Ride in a Fast Machine	John Adams Short Ride in a Fast Machine Tilson Thomas	基础	后极简主义的速度和管弦亮度
classical_atlas_144	08 极简主义与后极简	约 1960s-1990s	交响曲/管弦乐	144	是	约翰·亚当斯	约翰·亚当斯	John Adams	/dʒɒn ˈædəmz/	https://en.wikipedia.org/wiki/John_Adams_%28composer%29	Harmonielehre: III. Meister Eckhardt and Quackie	Adams: Harmonielehre	Simon Rattle, City of Birmingham Symphony Orchestra	John Adams Harmonielehre Simon Rattle	John Adams Harmonielehre: III. Meister Eckhardt and Quackie Simon Rattle, City of Birmingham Symphony Orchestra	John Adams Harmonielehre: III. Meister Eckhardt and Quackie	John Adams Adams: Harmonielehre	John Adams Harmonielehre Simon Rattle	进阶	极简脉冲和晚期浪漫和声回归
classical_atlas_145	08 极简主义与后极简	约 1960s-1990s	歌剧衍生管弦乐	145	是	约翰·亚当斯	约翰·亚当斯	John Adams	/dʒɒn ˈædəmz/	https://en.wikipedia.org/wiki/John_Adams_%28composer%29	Nixon in China: The Chairman Dances	Adams: The Chairman Dances	Edo de Waart, San Francisco Symphony	John Adams Chairman Dances Edo de Waart	John Adams Nixon in China: The Chairman Dances Edo de Waart, San Francisco Symphony	John Adams Nixon in China: The Chairman Dances	John Adams Adams: The Chairman Dances	John Adams Chairman Dances Edo de Waart	基础	政治歌剧和舞曲化管弦乐
classical_atlas_146	08 极简主义与后极简	约 1960s-1990s	室内乐	146	是	阿沃·帕特	阿沃·帕特	Arvo Pärt	/ˈɑːrvoʊ pɛərt/	https://en.wikipedia.org/wiki/Arvo_P%C3%A4rt	Spiegel im Spiegel	Alina	Angela Yoffe, Vadim Gluzman	Arvo Part Spiegel im Spiegel Angela Yoffe	Arvo Pärt Spiegel im Spiegel Angela Yoffe, Vadim Gluzman	Arvo Pärt Spiegel im Spiegel	Arvo Pärt Alina	Arvo Part Spiegel im Spiegel Angela Yoffe	基础	灵性简约和静态时间
classical_atlas_147	08 极简主义与后极简	约 1960s-1990s	室内乐/变奏	147	是	阿沃·帕特	阿沃·帕特	Arvo Pärt	/ˈɑːrvoʊ pɛərt/	https://en.wikipedia.org/wiki/Arvo_P%C3%A4rt	Fratres	Tabula Rasa	Gidon Kremer, Keith Jarrett	Arvo Part Fratres Gidon Kremer Keith Jarrett	Arvo Pärt Fratres Gidon Kremer, Keith Jarrett	Arvo Pärt Fratres	Arvo Pärt Tabula Rasa	Arvo Part Fratres Gidon Kremer Keith Jarrett	进阶	钟鸣风格和重复变形
classical_atlas_148	08 极简主义与后极简	约 1960s-1990s	交响曲	148	是	亨里克·格雷茨基	亨里克·格雷茨基	Henryk Górecki	/ˈhɛnrik ɡəˈrɛtski/	https://en.wikipedia.org/wiki/Henryk_G%C3%B3recki	Symphony No. 3: II. Lento e largo	Górecki: Symphony No. 3	David Zinman, Dawn Upshaw	Gorecki Symphony 3 Dawn Upshaw Zinman	Henryk Górecki Symphony No. 3: II. Lento e largo David Zinman, Dawn Upshaw	Henryk Górecki Symphony No. 3: II. Lento e largo	Henryk Górecki Górecki: Symphony No. 3	Gorecki Symphony 3 Dawn Upshaw Zinman	基础	悲歌、简约和 1990 年代唱片现象
classical_atlas_149	08 极简主义与后极简	约 1960s-1990s	声乐/大型合奏	149	是	路易斯·安德里森	路易斯·安德里森	Louis Andriessen	/ˈluːi ˈɑːndriəsən/	https://en.wikipedia.org/wiki/Louis_Andriessen	De Staat: Part I	Andriessen: De Staat	Reinbert de Leeuw, Schönberg Ensemble	Andriessen De Staat Reinbert de Leeuw	Louis Andriessen De Staat: Part I Reinbert de Leeuw, Schönberg Ensemble	Louis Andriessen De Staat: Part I	Louis Andriessen Andriessen: De Staat	Andriessen De Staat Reinbert de Leeuw	进阶	荷兰极简、政治文本和硬质音色
classical_atlas_150	08 极简主义与后极简	约 1960s-1990s	声乐室内乐	150	是	梅雷迪思·蒙克	梅雷迪思·蒙克	Meredith Monk	/ˈmɛrədɪθ mʌŋk/	https://en.wikipedia.org/wiki/Meredith_Monk	Dolmen Music: Overture	Dolmen Music	Meredith Monk	Meredith Monk Dolmen Music Overture	Meredith Monk Dolmen Music: Overture Meredith Monk	Meredith Monk Dolmen Music: Overture	Meredith Monk Dolmen Music	Meredith Monk Dolmen Music Overture	进阶	人声实验、仪式和极简结构
classical_atlas_151	08 极简主义与后极简	约 1960s-1990s	变奏曲	151	是	弗雷德里克·热夫斯基	弗雷德里克·热夫斯基	Frederic Rzewski	/ˈfrɛdərɪk ˈʒɛfski/	https://en.wikipedia.org/wiki/Frederic_Rzewski	The People United Will Never Be Defeated!: Theme	Rzewski: The People United	Marc-André Hamelin	Rzewski People United Hamelin	Frederic Rzewski The People United Will Never Be Defeated!: Theme Marc-André Hamelin	Frederic Rzewski The People United Will Never Be Defeated!: Theme	Frederic Rzewski Rzewski: The People United	Rzewski People United Hamelin	进阶	政治歌曲和大型钢琴变奏
classical_atlas_152	08 极简主义与后极简	约 1960s-1990s	电影配乐/钢琴曲	152	是	迈克尔·尼曼	迈克尔·尼曼	Michael Nyman	/ˈmaɪkəl ˈnaɪmən/	https://en.wikipedia.org/wiki/Michael_Nyman	The Heart Asks Pleasure First	The Piano: Original Music	Michael Nyman	Michael Nyman Heart Asks Pleasure First	Michael Nyman The Heart Asks Pleasure First Michael Nyman	Michael Nyman The Heart Asks Pleasure First	Michael Nyman The Piano: Original Music	Michael Nyman Heart Asks Pleasure First	基础	极简主义进入电影与大众听感
classical_atlas_153	09 电影、游戏与新的接触途径	电影约 1930s 至今；游戏约 1980s 至今	电影配乐	153	是	约翰·威廉姆斯	约翰·威廉姆斯	John Williams	/dʒɒn ˈwɪljəmz/	https://en.wikipedia.org/wiki/John_Williams	Star Wars: Main Title	Star Wars: A New Hope	John Williams, London Symphony Orchestra	John Williams Star Wars Main Title London Symphony	John Williams Star Wars: Main Title John Williams, London Symphony Orchestra	John Williams Star Wars: Main Title	John Williams Star Wars: A New Hope	John Williams Star Wars Main Title London Symphony	基础	瓦格纳式主题和好莱坞交响传统
classical_atlas_154	09 电影、游戏与新的接触途径	电影约 1930s 至今；游戏约 1980s 至今	电影配乐	154	是	约翰·威廉姆斯	约翰·威廉姆斯	John Williams	/dʒɒn ˈwɪljəmz/	https://en.wikipedia.org/wiki/John_Williams	E.T.: Flying Theme	E.T. The Extra-Terrestrial	John Williams, Hollywood Studio Symphony	John Williams ET Flying Theme	John Williams E.T.: Flying Theme John Williams, Hollywood Studio Symphony	John Williams E.T.: Flying Theme	John Williams E.T. The Extra-Terrestrial	John Williams ET Flying Theme	基础	管弦乐的飞翔感和童年记忆
classical_atlas_155	09 电影、游戏与新的接触途径	电影约 1930s 至今；游戏约 1980s 至今	电影配乐/小提琴主题	155	是	约翰·威廉姆斯	约翰·威廉姆斯	John Williams	/dʒɒn ˈwɪljəmz/	https://en.wikipedia.org/wiki/John_Williams	Schindler's List: Theme	Schindler's List	Itzhak Perlman, John Williams	John Williams Schindler's List Perlman	John Williams Schindler's List: Theme Itzhak Perlman, John Williams	John Williams Schindler's List: Theme	John Williams Schindler's List	John Williams Schindler's List Perlman	基础	独奏小提琴和历史哀悼
classical_atlas_156	09 电影、游戏与新的接触途径	电影约 1930s 至今；游戏约 1980s 至今	电影配乐	156	是	恩尼奥·莫里康内	恩尼奥·莫里康内	Ennio Morricone	/ˈɛnioʊ ˌmɒrɪˈkoʊneɪ/	https://en.wikipedia.org/wiki/Ennio_Morricone	The Mission: Gabriel's Oboe	The Mission	Ennio Morricone	Ennio Morricone Gabriel's Oboe The Mission	Ennio Morricone The Mission: Gabriel's Oboe Ennio Morricone	Ennio Morricone The Mission: Gabriel's Oboe	Ennio Morricone The Mission	Ennio Morricone Gabriel's Oboe The Mission	基础	电影旋律如何成为管弦乐入门路径
classical_atlas_157	09 电影、游戏与新的接触途径	电影约 1930s 至今；游戏约 1980s 至今	电影配乐	157	是	伯纳德·赫尔曼	伯纳德·赫尔曼	Bernard Herrmann	/ˈbɜːrnərd ˈhɜːrmən/	https://en.wikipedia.org/wiki/Bernard_Herrmann	Psycho: Prelude	Psycho	Bernard Herrmann	Bernard Herrmann Psycho Prelude	Bernard Herrmann Psycho: Prelude Bernard Herrmann	Bernard Herrmann Psycho: Prelude	Bernard Herrmann Psycho	Bernard Herrmann Psycho Prelude	进阶	弦乐尖锐音型和心理惊悚
classical_atlas_158	09 电影、游戏与新的接触途径	电影约 1930s 至今；游戏约 1980s 至今	电影配乐/圆舞曲	158	是	尼诺·罗塔	尼诺·罗塔	Nino Rota	/ˈniːnoʊ ˈroʊtə/	https://en.wikipedia.org/wiki/Nino_Rota	The Godfather Waltz	The Godfather	Nino Rota	Nino Rota Godfather Waltz	Nino Rota The Godfather Waltz Nino Rota	Nino Rota The Godfather Waltz	Nino Rota The Godfather	Nino Rota Godfather Waltz	基础	圆舞曲、记忆和家族叙事
classical_atlas_159	09 电影、游戏与新的接触途径	电影约 1930s 至今；游戏约 1980s 至今	动画电影配乐/交响组曲	159	是	久石让	久石让	Joe Hisaishi	/dʒoʊ hɪˈsaɪʃi/	https://en.wikipedia.org/wiki/Joe_Hisaishi	Symphonic Suite "Princess Mononoke" 2021: VII. Ashitaka And San (Live)	Symphonic Suite "Princess Mononoke" 2021 (Live)	Joe Hisaishi, New Japan Philharmonic World Dream Orchestra	Joe Hisaishi Princess Mononoke 2021 Ashitaka And San	Joe Hisaishi Symphonic Suite "Princess Mononoke" 2021: VII. Ashitaka And San (Live) Joe Hisaishi, New Japan Philharmonic World Dream Orchestra	Joe Hisaishi Symphonic Suite "Princess Mononoke" 2021: VII. Ashitaka And San (Live)	Joe Hisaishi Symphonic Suite "Princess Mononoke" 2021 (Live)	Joe Hisaishi Princess Mononoke 2021 Ashitaka And San	基础	动画、交响乐和自然神话
classical_atlas_160	09 电影、游戏与新的接触途径	电影约 1930s 至今；游戏约 1980s 至今	动画电影配乐/钢琴主题	160	是	久石让	久石让	Joe Hisaishi	/dʒoʊ hɪˈsaɪʃi/	https://en.wikipedia.org/wiki/Joe_Hisaishi	Spirited Away: One Summer's Day	Spirited Away	Joe Hisaishi	Joe Hisaishi One Summer's Day Spirited Away	Joe Hisaishi Spirited Away: One Summer's Day Joe Hisaishi	Joe Hisaishi Spirited Away: One Summer's Day	Joe Hisaishi Spirited Away	Joe Hisaishi One Summer's Day Spirited Away	基础	钢琴主题和动画叙事
classical_atlas_161	09 电影、游戏与新的接触途径	电影约 1930s 至今；游戏约 1980s 至今	电影配乐	161	是	汉斯·季默	汉斯·季默	Hans Zimmer	/hɑːns ˈzɪmər/	https://en.wikipedia.org/wiki/Hans_Zimmer	Interstellar: Cornfield Chase	Interstellar	Hans Zimmer	Hans Zimmer Interstellar Cornfield Chase	Hans Zimmer Interstellar: Cornfield Chase Hans Zimmer	Hans Zimmer Interstellar: Cornfield Chase	Hans Zimmer Interstellar	Hans Zimmer Interstellar Cornfield Chase	基础	管风琴、极简脉冲和科幻空间
classical_atlas_162	09 电影、游戏与新的接触途径	电影约 1930s 至今；游戏约 1980s 至今	电视剧配乐/声音设计	162	是	希尔迪·古德纳多蒂尔	希尔迪·古德纳多蒂尔	Hildur Guðnadóttir	/ˈhɪldʊr ˈɡʊðnəˌdoʊtɪr/	https://en.wikipedia.org/wiki/Hildur_Gu%C3%B0nad%C3%B3ttir	Vichnaya Pamyat	Chernobyl (Music from the Original TV Series)	Hildur Guðnadóttir, Homin Lviv Municipal Choir	Hildur Gudnadottir Chernobyl Vichnaya Pamyat	Hildur Guðnadóttir Vichnaya Pamyat Hildur Guðnadóttir, Homin Lviv Municipal Choir	Hildur Guðnadóttir Vichnaya Pamyat	Hildur Guðnadóttir Chernobyl (Music from the Original TV Series)	Hildur Gudnadottir Chernobyl Vichnaya Pamyat	进阶	声音设计、合唱和纪实剧集
classical_atlas_163	09 电影、游戏与新的接触途径	电影约 1930s 至今；游戏约 1980s 至今	电影配乐/声音实验	163	是	米卡·莱维	米卡·莱维	Mica Levi	/ˈmiːkə ˈliːvi/	https://en.wikipedia.org/wiki/Mica_Levi	Under the Skin: Love	Under the Skin	Mica Levi	Mica Levi Under the Skin Love	Mica Levi Under the Skin: Love Mica Levi	Mica Levi Under the Skin: Love	Mica Levi Under the Skin	Mica Levi Under the Skin Love	进阶	微分音弦乐和身体不安
classical_atlas_164	09 电影、游戏与新的接触途径	电影约 1930s 至今；游戏约 1980s 至今	游戏配乐/管弦改编	164	是	植松伸夫	植松伸夫	Nobuo Uematsu	/ˈnoʊbuoʊ ˌuːeɪˈmætsuː/	https://en.wikipedia.org/wiki/Nobuo_Uematsu	Final Fantasy VII: Aerith's Theme	Distant Worlds: Music from Final Fantasy	Arnie Roth, Distant Worlds Philharmonic	Nobuo Uematsu Aerith's Theme Distant Worlds	Nobuo Uematsu Final Fantasy VII: Aerith's Theme Arnie Roth, Distant Worlds Philharmonic	Nobuo Uematsu Final Fantasy VII: Aerith's Theme	Nobuo Uematsu Distant Worlds: Music from Final Fantasy	Nobuo Uematsu Aerith's Theme Distant Worlds	基础	游戏主题、角色记忆和管弦改编
classical_atlas_165	09 电影、游戏与新的接触途径	电影约 1930s 至今；游戏约 1980s 至今	游戏配乐	165	是	下村阳子	下村阳子	Yoko Shimomura	/ˈjoʊkoʊ ˌʃiːmoʊˈmʊərə/	https://en.wikipedia.org/wiki/Yoko_Shimomura	Kingdom Hearts: Dearly Beloved	Kingdom Hearts Orchestra	Yoko Shimomura	Yoko Shimomura Dearly Beloved Kingdom Hearts Orchestra	Yoko Shimomura Kingdom Hearts: Dearly Beloved Yoko Shimomura	Yoko Shimomura Kingdom Hearts: Dearly Beloved	Yoko Shimomura Kingdom Hearts Orchestra	Yoko Shimomura Dearly Beloved Kingdom Hearts Orchestra	基础	游戏菜单音乐和循环抒情
classical_atlas_166	09 电影、游戏与新的接触途径	电影约 1930s 至今；游戏约 1980s 至今	游戏配乐	166	是	奥斯汀·温托里	奥斯汀·温托里	Austin Wintory	/ˈɔːstɪn ˈwɪntəri/	https://en.wikipedia.org/wiki/Austin_Wintory	Journey: Nascence	Journey Original Soundtrack	Austin Wintory	Austin Wintory Journey Nascence	Austin Wintory Journey: Nascence Austin Wintory	Austin Wintory Journey: Nascence	Austin Wintory Journey Original Soundtrack	Austin Wintory Journey Nascence	进阶	互动音乐、独奏线条和游戏叙事
classical_atlas_167	10 1990 年以来的当代古典与跨类型创作 (cross-genre composition)	约 1990 至今	歌剧	167	是	凯娅·萨里亚霍	凯娅·萨里亚霍	Kaija Saariaho	/ˈkaɪjə ˈsɑːriɑːhoʊ/	https://en.wikipedia.org/wiki/Kaija_Saariaho	L'Amour de loin: Premier acte (Traversée)	Kaija Saariaho: L'Amour de loin	Kent Nagano, Deutsches Symphonie-Orchester Berlin	Saariaho L'Amour de loin Premier acte Traversee Kent Nagano	Kaija Saariaho L'Amour de loin: Premier acte (Traversée) Kent Nagano, Deutsches Symphonie-Orchester Berlin	Kaija Saariaho L'Amour de loin: Premier acte (Traversée)	Kaija Saariaho Kaija Saariaho: L'Amour de loin	Saariaho L'Amour de loin Premier acte Traversee Kent Nagano	进阶	光、音色和当代歌剧
classical_atlas_168	10 1990 年以来的当代古典与跨类型创作 (cross-genre composition)	约 1990 至今	管弦乐	168	是	托马斯·阿代斯	托马斯·阿代斯	Thomas Adès	/ˈtɒməs əˈdɛs/	https://en.wikipedia.org/wiki/Thomas_Ad%C3%A8s	Asyla: III. Ecstasio	Adès: Asyla	Simon Rattle, City of Birmingham Symphony Orchestra	Thomas Ades Asyla Ecstasio Simon Rattle	Thomas Adès Asyla: III. Ecstasio Simon Rattle, City of Birmingham Symphony Orchestra	Thomas Adès Asyla: III. Ecstasio	Thomas Adès Adès: Asyla	Thomas Ades Asyla Ecstasio Simon Rattle	进阶	俱乐部脉冲和复杂管弦写作
classical_atlas_169	10 1990 年以来的当代古典与跨类型创作 (cross-genre composition)	约 1990 至今	管弦乐	169	是	詹妮弗·希格登	詹妮弗·希格登	Jennifer Higdon	/ˈdʒɛnɪfər ˈhɪɡdən/	https://en.wikipedia.org/wiki/Jennifer_Higdon	blue cathedral	Higdon: blue cathedral	Robert Spano, Atlanta Symphony Orchestra	Jennifer Higdon blue cathedral Robert Spano	Jennifer Higdon blue cathedral Robert Spano, Atlanta Symphony Orchestra	Jennifer Higdon blue cathedral	Jennifer Higdon Higdon: blue cathedral	Jennifer Higdon blue cathedral Robert Spano	基础	当代美国抒情管弦乐
classical_atlas_170	10 1990 年以来的当代古典与跨类型创作 (cross-genre composition)	约 1990 至今	室内合奏	170	是	米西·马佐利	米西·马佐利	Missy Mazzoli	/ˈmɪsi məˈzoʊli/	https://en.wikipedia.org/wiki/Missy_Mazzoli	Sinfonia for Orbiting Spheres	Mazzoli: Vespers for a New Dark Age	Victoire	Missy Mazzoli Sinfonia for Orbiting Spheres Victoire	Missy Mazzoli Sinfonia for Orbiting Spheres Victoire	Missy Mazzoli Sinfonia for Orbiting Spheres	Missy Mazzoli Mazzoli: Vespers for a New Dark Age	Missy Mazzoli Sinfonia for Orbiting Spheres Victoire	基础	后极简、电子质感和当代室内乐
classical_atlas_171	10 1990 年以来的当代古典与跨类型创作 (cross-genre composition)	约 1990 至今	弦乐队	171	是	杰西·蒙哥马利	杰西·蒙哥马利	Jessie Montgomery	/ˈdʒɛsi mɒntˈɡʌməri/	https://en.wikipedia.org/wiki/Jessie_Montgomery	Starburst	Strum: Music for Strings	Jessie Montgomery, Catalyst Quartet	Jessie Montgomery Starburst Catalyst Quartet	Jessie Montgomery Starburst Jessie Montgomery, Catalyst Quartet	Jessie Montgomery Starburst	Jessie Montgomery Strum: Music for Strings	Jessie Montgomery Starburst Catalyst Quartet	基础	弦乐能量和当代美国声音
classical_atlas_172	10 1990 年以来的当代古典与跨类型创作 (cross-genre composition)	约 1990 至今	声乐合奏	172	是	卡罗琳·肖	卡罗琳·肖	Caroline Shaw	/ˈkærəlaɪn ʃɔː/	https://en.wikipedia.org/wiki/Caroline_Shaw	Partita for 8 Voices: Passacaglia	Roomful of Teeth	Roomful of Teeth	Caroline Shaw Partita Passacaglia Roomful of Teeth	Caroline Shaw Partita for 8 Voices: Passacaglia Roomful of Teeth	Caroline Shaw Partita for 8 Voices: Passacaglia	Caroline Shaw Roomful of Teeth	Caroline Shaw Partita Passacaglia Roomful of Teeth	基础	人声实验和普利策获奖作品
classical_atlas_173	10 1990 年以来的当代古典与跨类型创作 (cross-genre composition)	约 1990 至今	弦乐队	173	是	安娜·克莱因	安娜·克莱因	Anna Clyne	/ˈænə klaɪn/	https://en.wikipedia.org/wiki/Anna_Clyne	Within Her Arms	Clyne: Mythologies	Esa-Pekka Salonen, Philharmonia Orchestra	Anna Clyne Within Her Arms Salonen Philharmonia	Anna Clyne Within Her Arms Esa-Pekka Salonen, Philharmonia Orchestra	Anna Clyne Within Her Arms	Anna Clyne Clyne: Mythologies	Anna Clyne Within Her Arms Salonen Philharmonia	基础	弦乐哀歌和当代直接表达
classical_atlas_174	10 1990 年以来的当代古典与跨类型创作 (cross-genre composition)	约 1990 至今	协奏曲	174	是	陈银淑	陈银淑	Unsuk Chin	/ˈʊn sʊk tʃɪn/	https://en.wikipedia.org/wiki/Unsuk_Chin	Violin Concerto: I.	Chin: Violin Concerto	Viviane Hagner, Kent Nagano	Unsuk Chin Violin Concerto Viviane Hagner Nagano	Unsuk Chin Violin Concerto: I. Viviane Hagner, Kent Nagano	Unsuk Chin Violin Concerto: I.	Unsuk Chin Chin: Violin Concerto	Unsuk Chin Violin Concerto Viviane Hagner Nagano	进阶	精密节奏、色彩和协奏曲传统
classical_atlas_175	10 1990 年以来的当代古典与跨类型创作 (cross-genre composition)	约 1990 至今	管弦乐	175	是	加布里埃拉·奥尔蒂斯	加布里埃拉·奥尔蒂斯	Gabriela Ortiz	/ˌɡæbriˈɛlə ɔːrˈtiːz/	https://en.wikipedia.org/wiki/Gabriela_Ortiz	Kauyumari	Ortiz: Altar de cuerda	Gustavo Dudamel, Los Angeles Philharmonic	Gabriela Ortiz Kauyumari Dudamel LA Philharmonic	Gabriela Ortiz Kauyumari Gustavo Dudamel, Los Angeles Philharmonic	Gabriela Ortiz Kauyumari	Gabriela Ortiz Ortiz: Altar de cuerda	Gabriela Ortiz Kauyumari Dudamel LA Philharmonic	基础	墨西哥当代声音和节奏色彩
classical_atlas_176	10 1990 年以来的当代古典与跨类型创作 (cross-genre composition)	约 1990 至今	管弦乐	176	是	丹妮·霍华德	丹妮·霍华德	Dani Howard	/ˈdæni ˈhaʊərd/	https://en.wikipedia.org/wiki/Dani_Howard	Argentum	Howard: Argentum	Royal Liverpool Philharmonic Orchestra	Dani Howard Argentum Royal Liverpool Philharmonic	Dani Howard Argentum Royal Liverpool Philharmonic Orchestra	Dani Howard Argentum	Dani Howard Howard: Argentum	Dani Howard Argentum Royal Liverpool Philharmonic	基础	年轻作曲家和明亮管弦乐入门
classical_atlas_177	10 1990 年以来的当代古典与跨类型创作 (cross-genre composition)	约 1990 至今	重作/协奏曲改编	177	是	马克斯·里希特	马克斯·里希特	Max Richter	/mæks ˈrɪktər/	https://en.wikipedia.org/wiki/Max_Richter	Recomposed: Vivaldi, Spring 1	Recomposed by Max Richter	Max Richter, Daniel Hope	Max Richter Recomposed Vivaldi Spring 1 Daniel Hope	Max Richter Recomposed: Vivaldi, Spring 1 Max Richter, Daniel Hope	Max Richter Recomposed: Vivaldi, Spring 1	Max Richter Recomposed by Max Richter	Max Richter Recomposed Vivaldi Spring 1 Daniel Hope	基础	重写经典和流媒体时代新古典
classical_atlas_178	10 1990 年以来的当代古典与跨类型创作 (cross-genre composition)	约 1990 至今	弦乐队/声音实验	178	是	乔尼·格林伍德	乔尼·格林伍德	Jonny Greenwood	/ˈdʒɒni ˈɡriːnwʊd/	https://en.wikipedia.org/wiki/Jonny_Greenwood	Popcorn Superhet Receiver	Popcorn Superhet Receiver	AUKSO Orchestra, Marek Moś	Jonny Greenwood Popcorn Superhet Receiver Aukso	Jonny Greenwood Popcorn Superhet Receiver AUKSO Orchestra, Marek Moś	Jonny Greenwood Popcorn Superhet Receiver	Jonny Greenwood Popcorn Superhet Receiver	Jonny Greenwood Popcorn Superhet Receiver Aukso	进阶	摇滚音乐人、潘德列茨基影响和弦乐噪声
classical_atlas_179	10 1990 年以来的当代古典与跨类型创作 (cross-genre composition)	约 1990 至今	管弦乐/电子	179	是	梅森·贝茨	梅森·贝茨	Mason Bates	/ˈmeɪsən beɪts/	https://en.wikipedia.org/wiki/Mason_Bates	Mothership	Mason Bates: Works	Leonard Slatkin, London Symphony Orchestra	Mason Bates Mothership Slatkin London Symphony	Mason Bates Mothership Leonard Slatkin, London Symphony Orchestra	Mason Bates Mothership	Mason Bates Mason Bates: Works	Mason Bates Mothership Slatkin London Symphony	基础	电子节拍和管弦乐同台
classical_atlas_180	10 1990 年以来的当代古典与跨类型创作 (cross-genre composition)	约 1990 至今	管弦乐	180	是	塔尼娅·莱昂	塔尼娅·莱昂	Tania León	/ˈtɑːnjə leɪˈoʊn/	https://en.wikipedia.org/wiki/Tania_Le%C3%B3n	Stride	León: Stride	Susanna Mälkki, New York Philharmonic	Tania Leon Stride Susanna Malkki New York Philharmonic	Tania León Stride Susanna Mälkki, New York Philharmonic	Tania León Stride	Tania León León: Stride	Tania Leon Stride Susanna Malkki New York Philharmonic	进阶	当代管弦乐、节奏和美国音乐记忆
